timestamp_utc,trip_id,tren,fecha_tren,estado,retraso_seg,retraso_min
2026-08-15T00:01:54Z,1390812026-08-13,13908,2026-08-13,CANCELED,,
2026-08-15T00:01:54Z,1564212026-08-13,15642,2026-08-13,CANCELED,,
2026-08-15T00:01:54Z,3890812026-08-13,38908,2026-08-13,CANCELED,,
2026-08-15T00:01:54Z,1571012026-08-13,15710,2026-08-13,CANCELED,,
2026-08-15T00:01:54Z,1578422026-08-13,15784,2026-08-13,CANCELED,,
2026-08-15T00:01:54Z,0818712026-08-13,08187,2026-08-13,CANCELED,,
2026-08-15T00:01:54Z,1813212026-08-13,18132,2026-08-13,CANCELED,,
2026-08-15T00:01:54Z,1260412026-08-13,12604,2026-08-13,CANCELED,,
2026-08-15T00:01:54Z,7180312026-08-13,71803,2026-08-13,CANCELED,,
2026-08-15T00:01:54Z,1586012026-08-13,15860,2026-08-13,CANCELED,,
2026-08-15T00:06:29Z,1390812026-08-13,13908,2026-08-13,CANCELED,,
2026-08-15T00:06:29Z,1564212026-08-13,15642,2026-08-13,CANCELED,,
2026-08-15T00:06:29Z,3890812026-08-13,38908,2026-08-13,CANCELED,,
2026-08-15T00:06:29Z,1571012026-08-13,15710,2026-08-13,CANCELED,,
2026-08-15T00:06:29Z,1578422026-08-13,15784,2026-08-13,CANCELED,,
2026-08-15T00:06:29Z,0818712026-08-13,08187,2026-08-13,CANCELED,,
2026-08-15T00:06:29Z,1813212026-08-13,18132,2026-08-13,CANCELED,,
2026-08-15T00:06:29Z,1260412026-08-13,12604,2026-08-13,CANCELED,,
2026-08-15T00:06:29Z,7180312026-08-13,71803,2026-08-13,CANCELED,,
2026-08-15T00:06:29Z,1586012026-08-13,15860,2026-08-13,CANCELED,,
2026-08-15T00:11:30Z,1390812026-08-13,13908,2026-08-13,CANCELED,,
2026-08-15T00:11:30Z,1564212026-08-13,15642,2026-08-13,CANCELED,,
2026-08-15T00:11:30Z,3890812026-08-13,38908,2026-08-13,CANCELED,,
2026-08-15T00:11:30Z,1571012026-08-13,15710,2026-08-13,CANCELED,,
2026-08-15T00:11:30Z,1578422026-08-13,15784,2026-08-13,CANCELED,,
2026-08-15T00:11:30Z,0818712026-08-13,08187,2026-08-13,CANCELED,,
2026-08-15T00:11:30Z,1813212026-08-13,18132,2026-08-13,CANCELED,,
2026-08-15T00:11:30Z,1260412026-08-13,12604,2026-08-13,CANCELED,,
2026-08-15T00:11:30Z,7180312026-08-13,71803,2026-08-13,CANCELED,,
2026-08-15T00:11:30Z,1586012026-08-13,15860,2026-08-13,CANCELED,,
2026-08-15T00:16:30Z,1390812026-08-13,13908,2026-08-13,CANCELED,,
2026-08-15T00:16:30Z,1564212026-08-13,15642,2026-08-13,CANCELED,,
2026-08-15T00:16:30Z,3890812026-08-13,38908,2026-08-13,CANCELED,,
2026-08-15T00:16:30Z,1571012026-08-13,15710,2026-08-13,CANCELED,,
2026-08-15T00:16:30Z,1578422026-08-13,15784,2026-08-13,CANCELED,,
2026-08-15T00:16:30Z,0818712026-08-13,08187,2026-08-13,CANCELED,,
2026-08-15T00:16:30Z,1813212026-08-13,18132,2026-08-13,CANCELED,,
2026-08-15T00:16:30Z,1260412026-08-13,12604,2026-08-13,CANCELED,,
2026-08-15T00:16:30Z,7180312026-08-13,71803,2026-08-13,CANCELED,,
2026-08-15T00:16:30Z,1586012026-08-13,15860,2026-08-13,CANCELED,,
2026-08-15T00:21:41Z,1390812026-08-13,13908,2026-08-13,CANCELED,,
2026-08-15T00:21:41Z,1564212026-08-13,15642,2026-08-13,CANCELED,,
2026-08-15T00:21:41Z,3890812026-08-13,38908,2026-08-13,CANCELED,,
2026-08-15T00:21:41Z,1571012026-08-13,15710,2026-08-13,CANCELED,,
2026-08-15T00:21:41Z,1578422026-08-13,15784,2026-08-13,CANCELED,,
2026-08-15T00:21:41Z,0818712026-08-13,08187,2026-08-13,CANCELED,,
2026-08-15T00:21:41Z,1260412026-08-13,12604,2026-08-13,CANCELED,,
2026-08-15T00:21:41Z,1813212026-08-13,18132,2026-08-13,CANCELED,,
2026-08-15T00:21:41Z,7180312026-08-13,71803,2026-08-13,CANCELED,,
2026-08-15T00:21:41Z,1586012026-08-13,15860,2026-08-13,CANCELED,,
2026-08-15T00:26:29Z,1390812026-08-13,13908,2026-08-13,CANCELED,,
2026-08-15T00:26:29Z,1564212026-08-13,15642,2026-08-13,CANCELED,,
2026-08-15T00:26:29Z,3890812026-08-13,38908,2026-08-13,CANCELED,,
2026-08-15T00:26:29Z,1571012026-08-13,15710,2026-08-13,CANCELED,,
2026-08-15T00:26:29Z,1578422026-08-13,15784,2026-08-13,CANCELED,,
2026-08-15T00:26:29Z,0818712026-08-13,08187,2026-08-13,CANCELED,,
2026-08-15T00:26:29Z,1813212026-08-13,18132,2026-08-13,CANCELED,,
2026-08-15T00:26:29Z,1260412026-08-13,12604,2026-08-13,CANCELED,,
2026-08-15T00:26:29Z,7180312026-08-13,71803,2026-08-13,CANCELED,,
2026-08-15T00:26:29Z,1586012026-08-13,15860,2026-08-13,CANCELED,,
2026-08-15T00:31:48Z,1390812026-08-13,13908,2026-08-13,CANCELED,,
2026-08-15T00:31:48Z,3890812026-08-13,38908,2026-08-13,CANCELED,,
2026-08-15T00:31:48Z,1564212026-08-13,15642,2026-08-13,CANCELED,,
2026-08-15T00:31:48Z,1571012026-08-13,15710,2026-08-13,CANCELED,,
2026-08-15T00:31:48Z,1578422026-08-13,15784,2026-08-13,CANCELED,,
2026-08-15T00:31:48Z,0818712026-08-13,08187,2026-08-13,CANCELED,,
2026-08-15T00:31:48Z,1260412026-08-13,12604,2026-08-13,CANCELED,,
2026-08-15T00:31:48Z,1813212026-08-13,18132,2026-08-13,CANCELED,,
2026-08-15T00:31:48Z,1586012026-08-13,15860,2026-08-13,CANCELED,,
2026-08-15T00:31:48Z,7180312026-08-13,71803,2026-08-13,CANCELED,,
2026-08-15T00:36:27Z,1390812026-08-13,13908,2026-08-13,CANCELED,,
2026-08-15T00:36:27Z,1564212026-08-13,15642,2026-08-13,CANCELED,,
2026-08-15T00:36:27Z,3890812026-08-13,38908,2026-08-13,CANCELED,,
2026-08-15T00:36:27Z,1571012026-08-13,15710,2026-08-13,CANCELED,,
2026-08-15T00:36:27Z,1578422026-08-13,15784,2026-08-13,CANCELED,,
2026-08-15T00:36:27Z,0818712026-08-13,08187,2026-08-13,CANCELED,,
2026-08-15T00:36:27Z,1813212026-08-13,18132,2026-08-13,CANCELED,,
2026-08-15T00:36:27Z,1260412026-08-13,12604,2026-08-13,CANCELED,,
2026-08-15T00:36:27Z,7180312026-08-13,71803,2026-08-13,CANCELED,,
2026-08-15T00:36:27Z,1586012026-08-13,15860,2026-08-13,CANCELED,,
2026-08-15T00:41:29Z,1390812026-08-13,13908,2026-08-13,CANCELED,,
2026-08-15T00:41:29Z,1564212026-08-13,15642,2026-08-13,CANCELED,,
2026-08-15T00:41:29Z,3890812026-08-13,38908,2026-08-13,CANCELED,,
2026-08-15T00:41:29Z,1571012026-08-13,15710,2026-08-13,CANCELED,,
2026-08-15T00:41:29Z,1578422026-08-13,15784,2026-08-13,CANCELED,,
2026-08-15T00:41:29Z,0818712026-08-13,08187,2026-08-13,CANCELED,,
2026-08-15T00:41:29Z,1813212026-08-13,18132,2026-08-13,CANCELED,,
2026-08-15T00:41:29Z,1260412026-08-13,12604,2026-08-13,CANCELED,,
2026-08-15T00:41:29Z,7180312026-08-13,71803,2026-08-13,CANCELED,,
2026-08-15T00:41:29Z,1586012026-08-13,15860,2026-08-13,CANCELED,,
2026-08-15T00:46:34Z,1390812026-08-13,13908,2026-08-13,CANCELED,,
2026-08-15T00:46:34Z,1564212026-08-13,15642,2026-08-13,CANCELED,,
2026-08-15T00:46:34Z,3890812026-08-13,38908,2026-08-13,CANCELED,,
2026-08-15T00:46:34Z,1571012026-08-13,15710,2026-08-13,CANCELED,,
2026-08-15T00:46:34Z,1578422026-08-13,15784,2026-08-13,CANCELED,,
2026-08-15T00:46:34Z,0818712026-08-13,08187,2026-08-13,CANCELED,,
2026-08-15T00:46:34Z,1813212026-08-13,18132,2026-08-13,CANCELED,,
2026-08-15T00:46:34Z,1260412026-08-13,12604,2026-08-13,CANCELED,,
2026-08-15T00:46:34Z,7180312026-08-13,71803,2026-08-13,CANCELED,,
2026-08-15T00:46:34Z,1586012026-08-13,15860,2026-08-13,CANCELED,,
2026-08-15T00:51:27Z,1390812026-08-13,13908,2026-08-13,CANCELED,,
2026-08-15T00:51:27Z,1564212026-08-13,15642,2026-08-13,CANCELED,,
2026-08-15T00:51:27Z,3890812026-08-13,38908,2026-08-13,CANCELED,,
2026-08-15T00:51:27Z,1571012026-08-13,15710,2026-08-13,CANCELED,,
2026-08-15T00:51:27Z,1578422026-08-13,15784,2026-08-13,CANCELED,,
2026-08-15T00:51:27Z,0818712026-08-13,08187,2026-08-13,CANCELED,,
2026-08-15T00:51:27Z,1260412026-08-13,12604,2026-08-13,CANCELED,,
2026-08-15T00:51:27Z,1813212026-08-13,18132,2026-08-13,CANCELED,,
2026-08-15T00:51:27Z,7180312026-08-13,71803,2026-08-13,CANCELED,,
2026-08-15T00:51:27Z,1586012026-08-13,15860,2026-08-13,CANCELED,,
2026-08-15T00:56:23Z,1390812026-08-13,13908,2026-08-13,CANCELED,,
2026-08-15T00:56:23Z,1564212026-08-13,15642,2026-08-13,CANCELED,,
2026-08-15T00:56:23Z,3890812026-08-13,38908,2026-08-13,CANCELED,,
2026-08-15T00:56:23Z,1571012026-08-13,15710,2026-08-13,CANCELED,,
2026-08-15T00:56:23Z,1578422026-08-13,15784,2026-08-13,CANCELED,,
2026-08-15T00:56:23Z,0818712026-08-13,08187,2026-08-13,CANCELED,,
2026-08-15T00:56:23Z,1813212026-08-13,18132,2026-08-13,CANCELED,,
2026-08-15T00:56:23Z,1260412026-08-13,12604,2026-08-13,CANCELED,,
2026-08-15T00:56:23Z,7180312026-08-13,71803,2026-08-13,CANCELED,,
2026-08-15T00:56:23Z,1586012026-08-13,15860,2026-08-13,CANCELED,,
2026-08-15T01:02:03Z,1390812026-08-13,13908,2026-08-13,CANCELED,,
2026-08-15T01:02:03Z,1564212026-08-13,15642,2026-08-13,CANCELED,,
2026-08-15T01:02:03Z,3890812026-08-13,38908,2026-08-13,CANCELED,,
2026-08-15T01:02:03Z,1571012026-08-13,15710,2026-08-13,CANCELED,,
2026-08-15T01:02:03Z,1578422026-08-13,15784,2026-08-13,CANCELED,,
2026-08-15T01:02:03Z,0818712026-08-13,08187,2026-08-13,CANCELED,,
2026-08-15T01:02:03Z,1813212026-08-13,18132,2026-08-13,CANCELED,,
2026-08-15T01:02:03Z,1260412026-08-13,12604,2026-08-13,CANCELED,,
2026-08-15T01:02:03Z,7180312026-08-13,71803,2026-08-13,CANCELED,,
2026-08-15T01:02:03Z,1586012026-08-13,15860,2026-08-13,CANCELED,,
2026-08-15T01:06:29Z,1390812026-08-13,13908,2026-08-13,CANCELED,,
2026-08-15T01:06:29Z,1564212026-08-13,15642,2026-08-13,CANCELED,,
2026-08-15T01:06:29Z,3890812026-08-13,38908,2026-08-13,CANCELED,,
2026-08-15T01:06:29Z,1571012026-08-13,15710,2026-08-13,CANCELED,,
2026-08-15T01:06:29Z,1578422026-08-13,15784,2026-08-13,CANCELED,,
2026-08-15T01:06:29Z,0818712026-08-13,08187,2026-08-13,CANCELED,,
2026-08-15T01:06:29Z,1813212026-08-13,18132,2026-08-13,CANCELED,,
2026-08-15T01:06:29Z,1260412026-08-13,12604,2026-08-13,CANCELED,,
2026-08-15T01:06:29Z,7180312026-08-13,71803,2026-08-13,CANCELED,,
2026-08-15T01:06:29Z,1586012026-08-13,15860,2026-08-13,CANCELED,,
2026-08-15T01:11:31Z,1390812026-08-13,13908,2026-08-13,CANCELED,,
2026-08-15T01:11:31Z,1564212026-08-13,15642,2026-08-13,CANCELED,,
2026-08-15T01:11:31Z,3890812026-08-13,38908,2026-08-13,CANCELED,,
2026-08-15T01:11:31Z,1571012026-08-13,15710,2026-08-13,CANCELED,,
2026-08-15T01:11:31Z,1578422026-08-13,15784,2026-08-13,CANCELED,,
2026-08-15T01:11:31Z,0818712026-08-13,08187,2026-08-13,CANCELED,,
2026-08-15T01:11:31Z,1813212026-08-13,18132,2026-08-13,CANCELED,,
2026-08-15T01:11:31Z,1260412026-08-13,12604,2026-08-13,CANCELED,,
2026-08-15T01:11:31Z,7180312026-08-13,71803,2026-08-13,CANCELED,,
2026-08-15T01:11:31Z,1586012026-08-13,15860,2026-08-13,CANCELED,,
2026-08-15T01:16:35Z,1390812026-08-13,13908,2026-08-13,CANCELED,,
2026-08-15T01:16:35Z,1564212026-08-13,15642,2026-08-13,CANCELED,,
2026-08-15T01:16:35Z,3890812026-08-13,38908,2026-08-13,CANCELED,,
2026-08-15T01:16:35Z,1571012026-08-13,15710,2026-08-13,CANCELED,,
2026-08-15T01:16:35Z,1578422026-08-13,15784,2026-08-13,CANCELED,,
2026-08-15T01:16:35Z,0818712026-08-13,08187,2026-08-13,CANCELED,,
2026-08-15T01:16:35Z,1813212026-08-13,18132,2026-08-13,CANCELED,,
2026-08-15T01:16:35Z,1260412026-08-13,12604,2026-08-13,CANCELED,,
2026-08-15T01:16:35Z,7180312026-08-13,71803,2026-08-13,CANCELED,,
2026-08-15T01:16:35Z,1586012026-08-13,15860,2026-08-13,CANCELED,,
2026-08-15T01:21:32Z,1390812026-08-13,13908,2026-08-13,CANCELED,,
2026-08-15T01:21:32Z,1564212026-08-13,15642,2026-08-13,CANCELED,,
2026-08-15T01:21:32Z,3890812026-08-13,38908,2026-08-13,CANCELED,,
2026-08-15T01:21:32Z,1571012026-08-13,15710,2026-08-13,CANCELED,,
2026-08-15T01:21:32Z,1578422026-08-13,15784,2026-08-13,CANCELED,,
2026-08-15T01:21:32Z,0818712026-08-13,08187,2026-08-13,CANCELED,,
2026-08-15T01:21:32Z,1813212026-08-13,18132,2026-08-13,CANCELED,,
2026-08-15T01:21:32Z,1260412026-08-13,12604,2026-08-13,CANCELED,,
2026-08-15T01:21:32Z,7180312026-08-13,71803,2026-08-13,CANCELED,,
2026-08-15T01:21:32Z,1586012026-08-13,15860,2026-08-13,CANCELED,,
2026-08-15T01:24:31Z,1390812026-08-14,13908,2026-08-14,CANCELED,,
2026-08-15T01:24:31Z,1564212026-08-14,15642,2026-08-14,CANCELED,,
2026-08-15T01:24:31Z,3890812026-08-14,38908,2026-08-14,CANCELED,,
2026-08-15T01:24:31Z,1586012026-08-14,15860,2026-08-14,CANCELED,,
2026-08-15T01:24:31Z,1571012026-08-14,15710,2026-08-14,CANCELED,,
2026-08-15T01:24:31Z,1813212026-08-14,18132,2026-08-14,CANCELED,,
2026-08-15T01:24:31Z,7180312026-08-14,71803,2026-08-14,CANCELED,,
2026-08-15T01:24:31Z,1578422026-08-14,15784,2026-08-14,CANCELED,,
2026-08-15T01:24:31Z,0818712026-08-14,08187,2026-08-14,CANCELED,,
2026-08-15T01:24:31Z,1260412026-08-14,12604,2026-08-14,CANCELED,,
2026-08-15T01:26:25Z,1390812026-08-14,13908,2026-08-14,CANCELED,,
2026-08-15T01:26:25Z,3890812026-08-14,38908,2026-08-14,CANCELED,,
2026-08-15T01:26:25Z,1564212026-08-14,15642,2026-08-14,CANCELED,,
2026-08-15T01:26:25Z,1586012026-08-14,15860,2026-08-14,CANCELED,,
2026-08-15T01:26:25Z,1813212026-08-14,18132,2026-08-14,CANCELED,,
2026-08-15T01:26:25Z,1571012026-08-14,15710,2026-08-14,CANCELED,,
2026-08-15T01:26:25Z,7180312026-08-14,71803,2026-08-14,CANCELED,,
2026-08-15T01:26:25Z,1578422026-08-14,15784,2026-08-14,CANCELED,,
2026-08-15T01:26:25Z,0818712026-08-14,08187,2026-08-14,CANCELED,,
2026-08-15T01:26:25Z,1260412026-08-14,12604,2026-08-14,CANCELED,,
2026-08-15T01:31:40Z,1390812026-08-14,13908,2026-08-14,CANCELED,,
2026-08-15T01:31:40Z,3890812026-08-14,38908,2026-08-14,CANCELED,,
2026-08-15T01:31:40Z,1564212026-08-14,15642,2026-08-14,CANCELED,,
2026-08-15T01:31:40Z,1586012026-08-14,15860,2026-08-14,CANCELED,,
2026-08-15T01:31:40Z,1813212026-08-14,18132,2026-08-14,CANCELED,,
2026-08-15T01:31:40Z,7180312026-08-14,71803,2026-08-14,CANCELED,,
2026-08-15T01:31:40Z,1571012026-08-14,15710,2026-08-14,CANCELED,,
2026-08-15T01:31:40Z,0818712026-08-14,08187,2026-08-14,CANCELED,,
2026-08-15T01:31:40Z,1260412026-08-14,12604,2026-08-14,CANCELED,,
2026-08-15T01:31:40Z,1578422026-08-14,15784,2026-08-14,CANCELED,,
2026-08-15T01:36:27Z,1390812026-08-14,13908,2026-08-14,CANCELED,,
2026-08-15T01:36:27Z,3890812026-08-14,38908,2026-08-14,CANCELED,,
2026-08-15T01:36:27Z,1564212026-08-14,15642,2026-08-14,CANCELED,,
2026-08-15T01:36:27Z,1586012026-08-14,15860,2026-08-14,CANCELED,,
2026-08-15T01:36:27Z,1571012026-08-14,15710,2026-08-14,CANCELED,,
2026-08-15T01:36:27Z,1813212026-08-14,18132,2026-08-14,CANCELED,,
2026-08-15T01:36:27Z,7180312026-08-14,71803,2026-08-14,CANCELED,,
2026-08-15T01:36:27Z,1578422026-08-14,15784,2026-08-14,CANCELED,,
2026-08-15T01:36:27Z,0818712026-08-14,08187,2026-08-14,CANCELED,,
2026-08-15T01:36:27Z,1260412026-08-14,12604,2026-08-14,CANCELED,,
2026-08-15T01:41:30Z,1390812026-08-14,13908,2026-08-14,CANCELED,,
2026-08-15T01:41:30Z,1564212026-08-14,15642,2026-08-14,CANCELED,,
2026-08-15T01:41:30Z,3890812026-08-14,38908,2026-08-14,CANCELED,,
2026-08-15T01:41:30Z,1571012026-08-14,15710,2026-08-14,CANCELED,,
2026-08-15T01:41:30Z,1586012026-08-14,15860,2026-08-14,CANCELED,,
2026-08-15T01:41:30Z,1813212026-08-14,18132,2026-08-14,CANCELED,,
2026-08-15T01:41:30Z,1578422026-08-14,15784,2026-08-14,CANCELED,,
2026-08-15T01:41:30Z,7180312026-08-14,71803,2026-08-14,CANCELED,,
2026-08-15T01:41:30Z,0818712026-08-14,08187,2026-08-14,CANCELED,,
2026-08-15T01:41:30Z,1260412026-08-14,12604,2026-08-14,CANCELED,,
2026-08-15T01:46:32Z,1390812026-08-14,13908,2026-08-14,CANCELED,,
2026-08-15T01:46:32Z,1564212026-08-14,15642,2026-08-14,CANCELED,,
2026-08-15T01:46:32Z,3890812026-08-14,38908,2026-08-14,CANCELED,,
2026-08-15T01:46:32Z,1571012026-08-14,15710,2026-08-14,CANCELED,,
2026-08-15T01:46:32Z,1586012026-08-14,15860,2026-08-14,CANCELED,,
2026-08-15T01:46:32Z,1813212026-08-14,18132,2026-08-14,CANCELED,,
2026-08-15T01:46:32Z,7180312026-08-14,71803,2026-08-14,CANCELED,,
2026-08-15T01:46:32Z,1578422026-08-14,15784,2026-08-14,CANCELED,,
2026-08-15T01:46:32Z,0818712026-08-14,08187,2026-08-14,CANCELED,,
2026-08-15T01:46:32Z,1260412026-08-14,12604,2026-08-14,CANCELED,,
2026-08-15T01:51:31Z,1390812026-08-14,13908,2026-08-14,CANCELED,,
2026-08-15T01:51:31Z,3890812026-08-14,38908,2026-08-14,CANCELED,,
2026-08-15T01:51:31Z,1564212026-08-14,15642,2026-08-14,CANCELED,,
2026-08-15T01:51:31Z,1813212026-08-14,18132,2026-08-14,CANCELED,,
2026-08-15T01:51:31Z,1586012026-08-14,15860,2026-08-14,CANCELED,,
2026-08-15T01:51:31Z,1571012026-08-14,15710,2026-08-14,CANCELED,,
2026-08-15T01:51:31Z,7180312026-08-14,71803,2026-08-14,CANCELED,,
2026-08-15T01:51:31Z,1578422026-08-14,15784,2026-08-14,CANCELED,,
2026-08-15T01:51:31Z,0818712026-08-14,08187,2026-08-14,CANCELED,,
2026-08-15T01:51:31Z,1260412026-08-14,12604,2026-08-14,CANCELED,,
2026-08-15T01:56:27Z,1390812026-08-14,13908,2026-08-14,CANCELED,,
2026-08-15T01:56:27Z,3890812026-08-14,38908,2026-08-14,CANCELED,,
2026-08-15T01:56:27Z,1564212026-08-14,15642,2026-08-14,CANCELED,,
2026-08-15T01:56:27Z,1586012026-08-14,15860,2026-08-14,CANCELED,,
2026-08-15T01:56:27Z,1571012026-08-14,15710,2026-08-14,CANCELED,,
2026-08-15T01:56:27Z,1813212026-08-14,18132,2026-08-14,CANCELED,,
2026-08-15T01:56:27Z,1578422026-08-14,15784,2026-08-14,CANCELED,,
2026-08-15T01:56:27Z,0818712026-08-14,08187,2026-08-14,CANCELED,,
2026-08-15T01:56:27Z,7180312026-08-14,71803,2026-08-14,CANCELED,,
2026-08-15T01:56:27Z,1260412026-08-14,12604,2026-08-14,CANCELED,,
2026-08-15T02:01:51Z,1390812026-08-14,13908,2026-08-14,CANCELED,,
2026-08-15T02:01:51Z,1564212026-08-14,15642,2026-08-14,CANCELED,,
2026-08-15T02:01:51Z,3890812026-08-14,38908,2026-08-14,CANCELED,,
2026-08-15T02:01:51Z,1586012026-08-14,15860,2026-08-14,CANCELED,,
2026-08-15T02:01:51Z,1571012026-08-14,15710,2026-08-14,CANCELED,,
2026-08-15T02:01:51Z,1813212026-08-14,18132,2026-08-14,CANCELED,,
2026-08-15T02:01:51Z,7180312026-08-14,71803,2026-08-14,CANCELED,,
2026-08-15T02:01:51Z,1578422026-08-14,15784,2026-08-14,CANCELED,,
2026-08-15T02:01:51Z,0818712026-08-14,08187,2026-08-14,CANCELED,,
2026-08-15T02:01:51Z,1260412026-08-14,12604,2026-08-14,CANCELED,,
2026-08-15T02:06:25Z,1390812026-08-14,13908,2026-08-14,CANCELED,,
2026-08-15T02:06:25Z,3890812026-08-14,38908,2026-08-14,CANCELED,,
2026-08-15T02:06:25Z,1564212026-08-14,15642,2026-08-14,CANCELED,,
2026-08-15T02:06:25Z,1586012026-08-14,15860,2026-08-14,CANCELED,,
2026-08-15T02:06:25Z,1571012026-08-14,15710,2026-08-14,CANCELED,,
2026-08-15T02:06:25Z,1813212026-08-14,18132,2026-08-14,CANCELED,,
2026-08-15T02:06:25Z,7180312026-08-14,71803,2026-08-14,CANCELED,,
2026-08-15T02:06:25Z,1578422026-08-14,15784,2026-08-14,CANCELED,,
2026-08-15T02:06:25Z,0818712026-08-14,08187,2026-08-14,CANCELED,,
2026-08-15T02:06:25Z,1260412026-08-14,12604,2026-08-14,CANCELED,,
2026-08-15T02:11:32Z,1390812026-08-14,13908,2026-08-14,CANCELED,,
2026-08-15T02:11:32Z,1564212026-08-14,15642,2026-08-14,CANCELED,,
2026-08-15T02:11:32Z,3890812026-08-14,38908,2026-08-14,CANCELED,,
2026-08-15T02:11:32Z,1586012026-08-14,15860,2026-08-14,CANCELED,,
2026-08-15T02:11:32Z,1571012026-08-14,15710,2026-08-14,CANCELED,,
2026-08-15T02:11:32Z,1813212026-08-14,18132,2026-08-14,CANCELED,,
2026-08-15T02:11:32Z,1578422026-08-14,15784,2026-08-14,CANCELED,,
2026-08-15T02:11:32Z,7180312026-08-14,71803,2026-08-14,CANCELED,,
2026-08-15T02:11:32Z,0818712026-08-14,08187,2026-08-14,CANCELED,,
2026-08-15T02:11:32Z,1260412026-08-14,12604,2026-08-14,CANCELED,,
2026-08-15T02:16:33Z,1390812026-08-14,13908,2026-08-14,CANCELED,,
2026-08-15T02:16:33Z,1564212026-08-14,15642,2026-08-14,CANCELED,,
2026-08-15T02:16:33Z,3890812026-08-14,38908,2026-08-14,CANCELED,,
2026-08-15T02:16:33Z,1571012026-08-14,15710,2026-08-14,CANCELED,,
2026-08-15T02:16:33Z,1586012026-08-14,15860,2026-08-14,CANCELED,,
2026-08-15T02:16:33Z,1813212026-08-14,18132,2026-08-14,CANCELED,,
2026-08-15T02:16:33Z,1578422026-08-14,15784,2026-08-14,CANCELED,,
2026-08-15T02:16:33Z,7180312026-08-14,71803,2026-08-14,CANCELED,,
2026-08-15T02:16:33Z,0818712026-08-14,08187,2026-08-14,CANCELED,,
2026-08-15T02:16:33Z,1260412026-08-14,12604,2026-08-14,CANCELED,,
2026-08-15T02:21:30Z,1390812026-08-14,13908,2026-08-14,CANCELED,,
2026-08-15T02:21:30Z,3890812026-08-14,38908,2026-08-14,CANCELED,,
2026-08-15T02:21:30Z,1564212026-08-14,15642,2026-08-14,CANCELED,,
2026-08-15T02:21:30Z,1571012026-08-14,15710,2026-08-14,CANCELED,,
2026-08-15T02:21:30Z,1586012026-08-14,15860,2026-08-14,CANCELED,,
2026-08-15T02:21:30Z,1813212026-08-14,18132,2026-08-14,CANCELED,,
2026-08-15T02:21:30Z,1578422026-08-14,15784,2026-08-14,CANCELED,,
2026-08-15T02:21:30Z,7180312026-08-14,71803,2026-08-14,CANCELED,,
2026-08-15T02:21:30Z,0818712026-08-14,08187,2026-08-14,CANCELED,,
2026-08-15T02:21:30Z,1260412026-08-14,12604,2026-08-14,CANCELED,,
2026-08-15T02:26:24Z,1390812026-08-14,13908,2026-08-14,CANCELED,,
2026-08-15T02:26:24Z,1564212026-08-14,15642,2026-08-14,CANCELED,,
2026-08-15T02:26:24Z,3890812026-08-14,38908,2026-08-14,CANCELED,,
2026-08-15T02:26:24Z,1571012026-08-14,15710,2026-08-14,CANCELED,,
2026-08-15T02:26:24Z,1586012026-08-14,15860,2026-08-14,CANCELED,,
2026-08-15T02:26:24Z,1813212026-08-14,18132,2026-08-14,CANCELED,,
2026-08-15T02:26:24Z,7180312026-08-14,71803,2026-08-14,CANCELED,,
2026-08-15T02:26:24Z,1578422026-08-14,15784,2026-08-14,CANCELED,,
2026-08-15T02:26:24Z,0818712026-08-14,08187,2026-08-14,CANCELED,,
2026-08-15T02:26:24Z,1260412026-08-14,12604,2026-08-14,CANCELED,,
2026-08-15T02:28:43Z,1390812026-08-14,13908,2026-08-14,CANCELED,,
2026-08-15T02:28:43Z,1564212026-08-14,15642,2026-08-14,CANCELED,,
2026-08-15T02:28:43Z,3890812026-08-14,38908,2026-08-14,CANCELED,,
2026-08-15T02:28:43Z,1586012026-08-14,15860,2026-08-14,CANCELED,,
2026-08-15T02:28:43Z,1571012026-08-14,15710,2026-08-14,CANCELED,,
2026-08-15T02:28:43Z,1813212026-08-14,18132,2026-08-14,CANCELED,,
2026-08-15T02:28:43Z,7180312026-08-14,71803,2026-08-14,CANCELED,,
2026-08-15T02:28:43Z,1578422026-08-14,15784,2026-08-14,CANCELED,,
2026-08-15T02:28:43Z,0818712026-08-14,08187,2026-08-14,CANCELED,,
2026-08-15T02:28:43Z,1260412026-08-14,12604,2026-08-14,CANCELED,,
2026-08-15T02:31:45Z,1390812026-08-14,13908,2026-08-14,CANCELED,,
2026-08-15T02:31:45Z,1564212026-08-14,15642,2026-08-14,CANCELED,,
2026-08-15T02:31:45Z,3890812026-08-14,38908,2026-08-14,CANCELED,,
2026-08-15T02:31:45Z,1586012026-08-14,15860,2026-08-14,CANCELED,,
2026-08-15T02:31:45Z,1571012026-08-14,15710,2026-08-14,CANCELED,,
2026-08-15T02:31:45Z,1813212026-08-14,18132,2026-08-14,CANCELED,,
2026-08-15T02:31:45Z,7180312026-08-14,71803,2026-08-14,CANCELED,,
2026-08-15T02:31:45Z,1578422026-08-14,15784,2026-08-14,CANCELED,,
2026-08-15T02:31:45Z,0818712026-08-14,08187,2026-08-14,CANCELED,,
2026-08-15T02:31:45Z,1260412026-08-14,12604,2026-08-14,CANCELED,,
2026-08-15T02:36:23Z,1390812026-08-14,13908,2026-08-14,CANCELED,,
2026-08-15T02:36:23Z,1564212026-08-14,15642,2026-08-14,CANCELED,,
2026-08-15T02:36:23Z,3890812026-08-14,38908,2026-08-14,CANCELED,,
2026-08-15T02:36:23Z,1586012026-08-14,15860,2026-08-14,CANCELED,,
2026-08-15T02:36:23Z,1813212026-08-14,18132,2026-08-14,CANCELED,,
2026-08-15T02:36:23Z,1571012026-08-14,15710,2026-08-14,CANCELED,,
2026-08-15T02:36:23Z,7180312026-08-14,71803,2026-08-14,CANCELED,,
2026-08-15T02:36:23Z,1578422026-08-14,15784,2026-08-14,CANCELED,,
2026-08-15T02:36:23Z,0818712026-08-14,08187,2026-08-14,CANCELED,,
2026-08-15T02:36:23Z,1260412026-08-14,12604,2026-08-14,CANCELED,,
2026-08-15T02:41:31Z,1390812026-08-14,13908,2026-08-14,CANCELED,,
2026-08-15T02:41:31Z,1564212026-08-14,15642,2026-08-14,CANCELED,,
2026-08-15T02:41:31Z,3890812026-08-14,38908,2026-08-14,CANCELED,,
2026-08-15T02:41:31Z,1571012026-08-14,15710,2026-08-14,CANCELED,,
2026-08-15T02:41:31Z,1586012026-08-14,15860,2026-08-14,CANCELED,,
2026-08-15T02:41:31Z,1813212026-08-14,18132,2026-08-14,CANCELED,,
2026-08-15T02:41:31Z,1578422026-08-14,15784,2026-08-14,CANCELED,,
2026-08-15T02:41:31Z,7180312026-08-14,71803,2026-08-14,CANCELED,,
2026-08-15T02:41:31Z,0818712026-08-14,08187,2026-08-14,CANCELED,,
2026-08-15T02:41:31Z,1260412026-08-14,12604,2026-08-14,CANCELED,,
2026-08-15T02:46:35Z,1390812026-08-14,13908,2026-08-14,CANCELED,,
2026-08-15T02:46:35Z,1564212026-08-14,15642,2026-08-14,CANCELED,,
2026-08-15T02:46:35Z,3890812026-08-14,38908,2026-08-14,CANCELED,,
2026-08-15T02:46:35Z,1571012026-08-14,15710,2026-08-14,CANCELED,,
2026-08-15T02:46:35Z,1586012026-08-14,15860,2026-08-14,CANCELED,,
2026-08-15T02:46:35Z,1813212026-08-14,18132,2026-08-14,CANCELED,,
2026-08-15T02:46:35Z,1578422026-08-14,15784,2026-08-14,CANCELED,,
2026-08-15T02:46:35Z,7180312026-08-14,71803,2026-08-14,CANCELED,,
2026-08-15T02:46:35Z,0818712026-08-14,08187,2026-08-14,CANCELED,,
2026-08-15T02:46:35Z,1260412026-08-14,12604,2026-08-14,CANCELED,,
2026-08-15T02:51:30Z,1390812026-08-14,13908,2026-08-14,CANCELED,,
2026-08-15T02:51:30Z,1564212026-08-14,15642,2026-08-14,CANCELED,,
2026-08-15T02:51:30Z,3890812026-08-14,38908,2026-08-14,CANCELED,,
2026-08-15T02:51:30Z,1571012026-08-14,15710,2026-08-14,CANCELED,,
2026-08-15T02:51:30Z,1586012026-08-14,15860,2026-08-14,CANCELED,,
2026-08-15T02:51:30Z,1813212026-08-14,18132,2026-08-14,CANCELED,,
2026-08-15T02:51:30Z,1578422026-08-14,15784,2026-08-14,CANCELED,,
2026-08-15T02:51:30Z,7180312026-08-14,71803,2026-08-14,CANCELED,,
2026-08-15T02:51:30Z,0818712026-08-14,08187,2026-08-14,CANCELED,,
2026-08-15T02:51:30Z,1260412026-08-14,12604,2026-08-14,CANCELED,,
2026-08-15T02:56:28Z,1390812026-08-14,13908,2026-08-14,CANCELED,,
2026-08-15T02:56:28Z,3890812026-08-14,38908,2026-08-14,CANCELED,,
2026-08-15T02:56:28Z,1564212026-08-14,15642,2026-08-14,CANCELED,,
2026-08-15T02:56:28Z,1586012026-08-14,15860,2026-08-14,CANCELED,,
2026-08-15T02:56:28Z,1813212026-08-14,18132,2026-08-14,CANCELED,,
2026-08-15T02:56:28Z,1571012026-08-14,15710,2026-08-14,CANCELED,,
2026-08-15T02:56:28Z,7180312026-08-14,71803,2026-08-14,CANCELED,,
2026-08-15T02:56:28Z,1578422026-08-14,15784,2026-08-14,CANCELED,,
2026-08-15T02:56:28Z,0818712026-08-14,08187,2026-08-14,CANCELED,,
2026-08-15T02:56:28Z,1260412026-08-14,12604,2026-08-14,CANCELED,,
2026-08-15T03:01:55Z,1390812026-08-14,13908,2026-08-14,CANCELED,,
2026-08-15T03:01:55Z,3890812026-08-14,38908,2026-08-14,CANCELED,,
2026-08-15T03:01:55Z,1564212026-08-14,15642,2026-08-14,CANCELED,,
2026-08-15T03:01:55Z,1586012026-08-14,15860,2026-08-14,CANCELED,,
2026-08-15T03:01:55Z,1813212026-08-14,18132,2026-08-14,CANCELED,,
2026-08-15T03:01:55Z,1571012026-08-14,15710,2026-08-14,CANCELED,,
2026-08-15T03:01:55Z,7180312026-08-14,71803,2026-08-14,CANCELED,,
2026-08-15T03:01:55Z,1578422026-08-14,15784,2026-08-14,CANCELED,,
2026-08-15T03:01:55Z,0818712026-08-14,08187,2026-08-14,CANCELED,,
2026-08-15T03:01:55Z,1260412026-08-14,12604,2026-08-14,CANCELED,,
2026-08-15T03:06:26Z,1390812026-08-14,13908,2026-08-14,CANCELED,,
2026-08-15T03:06:26Z,1564212026-08-14,15642,2026-08-14,CANCELED,,
2026-08-15T03:06:26Z,3890812026-08-14,38908,2026-08-14,CANCELED,,
2026-08-15T03:06:26Z,1571012026-08-14,15710,2026-08-14,CANCELED,,
2026-08-15T03:06:26Z,1586012026-08-14,15860,2026-08-14,CANCELED,,
2026-08-15T03:06:26Z,1813212026-08-14,18132,2026-08-14,CANCELED,,
2026-08-15T03:06:26Z,7180312026-08-14,71803,2026-08-14,CANCELED,,
2026-08-15T03:06:26Z,1578422026-08-14,15784,2026-08-14,CANCELED,,
2026-08-15T03:06:26Z,0818712026-08-14,08187,2026-08-14,CANCELED,,
2026-08-15T03:06:26Z,1260412026-08-14,12604,2026-08-14,CANCELED,,
2026-08-15T03:11:31Z,1454112026-08-14,14541,2026-08-14,SCHEDULED,0,0.0
2026-08-15T03:11:31Z,1390812026-08-14,13908,2026-08-14,CANCELED,,
2026-08-15T03:11:31Z,3890812026-08-14,38908,2026-08-14,CANCELED,,
2026-08-15T03:11:31Z,1564212026-08-14,15642,2026-08-14,CANCELED,,
2026-08-15T03:11:31Z,1586012026-08-14,15860,2026-08-14,CANCELED,,
2026-08-15T03:11:31Z,1813212026-08-14,18132,2026-08-14,CANCELED,,
2026-08-15T03:11:31Z,1571012026-08-14,15710,2026-08-14,CANCELED,,
2026-08-15T03:11:31Z,7180312026-08-14,71803,2026-08-14,CANCELED,,
2026-08-15T03:11:31Z,1578422026-08-14,15784,2026-08-14,CANCELED,,
2026-08-15T03:11:31Z,0818712026-08-14,08187,2026-08-14,CANCELED,,
2026-08-15T03:11:31Z,1260412026-08-14,12604,2026-08-14,CANCELED,,
2026-08-15T03:16:42Z,1454112026-08-14,14541,2026-08-14,SCHEDULED,0,0.0
2026-08-15T03:16:42Z,1390812026-08-14,13908,2026-08-14,CANCELED,,
2026-08-15T03:16:42Z,1564212026-08-14,15642,2026-08-14,CANCELED,,
2026-08-15T03:16:42Z,3890812026-08-14,38908,2026-08-14,CANCELED,,
2026-08-15T03:16:42Z,1586012026-08-14,15860,2026-08-14,CANCELED,,
2026-08-15T03:16:42Z,1571012026-08-14,15710,2026-08-14,CANCELED,,
2026-08-15T03:16:42Z,1813212026-08-14,18132,2026-08-14,CANCELED,,
2026-08-15T03:16:42Z,1578422026-08-14,15784,2026-08-14,CANCELED,,
2026-08-15T03:16:42Z,7180312026-08-14,71803,2026-08-14,CANCELED,,
2026-08-15T03:16:42Z,0818712026-08-14,08187,2026-08-14,CANCELED,,
2026-08-15T03:16:42Z,1260412026-08-14,12604,2026-08-14,CANCELED,,
2026-08-15T03:21:29Z,1454112026-08-14,14541,2026-08-14,SCHEDULED,-60,-1.0
2026-08-15T03:21:29Z,0411422026-08-15,04114,2026-08-15,SCHEDULED,-60,-1.0
2026-08-15T03:21:29Z,0411412026-08-15,04114,2026-08-15,SCHEDULED,-60,-1.0
2026-08-15T03:21:29Z,1390812026-08-14,13908,2026-08-14,CANCELED,,
2026-08-15T03:21:29Z,1564212026-08-14,15642,2026-08-14,CANCELED,,
2026-08-15T03:21:29Z,3890812026-08-14,38908,2026-08-14,CANCELED,,
2026-08-15T03:21:29Z,1571012026-08-14,15710,2026-08-14,CANCELED,,
2026-08-15T03:21:29Z,1586012026-08-14,15860,2026-08-14,CANCELED,,
2026-08-15T03:21:29Z,1813212026-08-14,18132,2026-08-14,CANCELED,,
2026-08-15T03:21:29Z,1578422026-08-14,15784,2026-08-14,CANCELED,,
2026-08-15T03:21:29Z,7180312026-08-14,71803,2026-08-14,CANCELED,,
2026-08-15T03:21:29Z,0818712026-08-14,08187,2026-08-14,CANCELED,,
2026-08-15T03:21:29Z,1260412026-08-14,12604,2026-08-14,CANCELED,,
2026-08-15T03:26:22Z,1454112026-08-14,14541,2026-08-14,SCHEDULED,-60,-1.0
2026-08-15T03:26:22Z,0411422026-08-15,04114,2026-08-15,SCHEDULED,-60,-1.0
2026-08-15T03:26:22Z,0411412026-08-15,04114,2026-08-15,SCHEDULED,-60,-1.0
2026-08-15T03:26:22Z,1390812026-08-14,13908,2026-08-14,CANCELED,,
2026-08-15T03:26:22Z,3890812026-08-14,38908,2026-08-14,CANCELED,,
2026-08-15T03:26:22Z,1564212026-08-14,15642,2026-08-14,CANCELED,,
2026-08-15T03:26:22Z,1586012026-08-14,15860,2026-08-14,CANCELED,,
2026-08-15T03:26:22Z,1813212026-08-14,18132,2026-08-14,CANCELED,,
2026-08-15T03:26:22Z,1571012026-08-14,15710,2026-08-14,CANCELED,,
2026-08-15T03:26:22Z,7180312026-08-14,71803,2026-08-14,CANCELED,,
2026-08-15T03:26:22Z,0818712026-08-14,08187,2026-08-14,CANCELED,,
2026-08-15T03:26:22Z,1578422026-08-14,15784,2026-08-14,CANCELED,,
2026-08-15T03:26:22Z,1260412026-08-14,12604,2026-08-14,CANCELED,,
2026-08-15T03:31:41Z,0415422026-08-14,04154,2026-08-14,SCHEDULED,600,10.0
2026-08-15T03:31:41Z,0415412026-08-14,04154,2026-08-14,SCHEDULED,600,10.0
2026-08-15T03:31:41Z,0411422026-08-15,04114,2026-08-15,SCHEDULED,-60,-1.0
2026-08-15T03:31:41Z,0411412026-08-15,04114,2026-08-15,SCHEDULED,-60,-1.0
2026-08-15T03:31:41Z,1454112026-08-14,14541,2026-08-14,SCHEDULED,-60,-1.0
2026-08-15T03:31:41Z,1390812026-08-14,13908,2026-08-14,CANCELED,,
2026-08-15T03:31:41Z,1564212026-08-14,15642,2026-08-14,CANCELED,,
2026-08-15T03:31:41Z,3890812026-08-14,38908,2026-08-14,CANCELED,,
2026-08-15T03:31:41Z,1586012026-08-14,15860,2026-08-14,CANCELED,,
2026-08-15T03:31:41Z,1571012026-08-14,15710,2026-08-14,CANCELED,,
2026-08-15T03:31:41Z,1813212026-08-14,18132,2026-08-14,CANCELED,,
2026-08-15T03:31:41Z,7180312026-08-14,71803,2026-08-14,CANCELED,,
2026-08-15T03:31:41Z,1578422026-08-14,15784,2026-08-14,CANCELED,,
2026-08-15T03:31:41Z,0818712026-08-14,08187,2026-08-14,CANCELED,,
2026-08-15T03:31:41Z,1260412026-08-14,12604,2026-08-14,CANCELED,,
2026-08-15T03:36:25Z,0306212026-08-14,03062,2026-08-14,SCHEDULED,120,2.0
2026-08-15T03:36:25Z,0415422026-08-14,04154,2026-08-14,SCHEDULED,540,9.0
2026-08-15T03:36:25Z,0415412026-08-14,04154,2026-08-14,SCHEDULED,540,9.0
2026-08-15T03:36:25Z,1454112026-08-14,14541,2026-08-14,SCHEDULED,60,1.0
2026-08-15T03:36:25Z,0411422026-08-15,04114,2026-08-15,SCHEDULED,-60,-1.0
2026-08-15T03:36:25Z,0411412026-08-15,04114,2026-08-15,SCHEDULED,-60,-1.0
2026-08-15T03:36:25Z,1390812026-08-14,13908,2026-08-14,CANCELED,,
2026-08-15T03:36:25Z,1564212026-08-14,15642,2026-08-14,CANCELED,,
2026-08-15T03:36:25Z,3890812026-08-14,38908,2026-08-14,CANCELED,,
2026-08-15T03:36:25Z,1571012026-08-14,15710,2026-08-14,CANCELED,,
2026-08-15T03:36:25Z,1813212026-08-14,18132,2026-08-14,CANCELED,,
2026-08-15T03:36:25Z,1586012026-08-14,15860,2026-08-14,CANCELED,,
2026-08-15T03:36:25Z,1578422026-08-14,15784,2026-08-14,CANCELED,,
2026-08-15T03:36:25Z,7180312026-08-14,71803,2026-08-14,CANCELED,,
2026-08-15T03:36:25Z,0818712026-08-14,08187,2026-08-14,CANCELED,,
2026-08-15T03:36:25Z,1260412026-08-14,12604,2026-08-14,CANCELED,,
2026-08-15T03:41:32Z,0306212026-08-14,03062,2026-08-14,SCHEDULED,120,2.0
2026-08-15T03:41:32Z,0415422026-08-14,04154,2026-08-14,SCHEDULED,480,8.0
2026-08-15T03:41:32Z,0415412026-08-14,04154,2026-08-14,SCHEDULED,480,8.0
2026-08-15T03:41:32Z,1454112026-08-14,14541,2026-08-14,SCHEDULED,60,1.0
2026-08-15T03:41:32Z,0411422026-08-15,04114,2026-08-15,SCHEDULED,-120,-2.0
2026-08-15T03:41:32Z,0411412026-08-15,04114,2026-08-15,SCHEDULED,-120,-2.0
2026-08-15T03:41:32Z,1390812026-08-14,13908,2026-08-14,CANCELED,,
2026-08-15T03:41:32Z,1564212026-08-14,15642,2026-08-14,CANCELED,,
2026-08-15T03:41:32Z,3890812026-08-14,38908,2026-08-14,CANCELED,,
2026-08-15T03:41:32Z,1571012026-08-14,15710,2026-08-14,CANCELED,,
2026-08-15T03:41:32Z,1586012026-08-14,15860,2026-08-14,CANCELED,,
2026-08-15T03:41:32Z,1813212026-08-14,18132,2026-08-14,CANCELED,,
2026-08-15T03:41:32Z,7180312026-08-14,71803,2026-08-14,CANCELED,,
2026-08-15T03:41:32Z,1578422026-08-14,15784,2026-08-14,CANCELED,,
2026-08-15T03:41:32Z,0818712026-08-14,08187,2026-08-14,CANCELED,,
2026-08-15T03:41:32Z,1260412026-08-14,12604,2026-08-14,CANCELED,,
2026-08-15T03:46:31Z,1268912026-08-14,12689,2026-08-14,SCHEDULED,60,1.0
2026-08-15T03:46:31Z,0306212026-08-14,03062,2026-08-14,SCHEDULED,60,1.0
2026-08-15T03:46:31Z,1500012026-08-14,15000,2026-08-14,SCHEDULED,60,1.0
2026-08-15T03:46:31Z,1454112026-08-14,14541,2026-08-14,SCHEDULED,60,1.0
2026-08-15T03:46:31Z,0415422026-08-14,04154,2026-08-14,SCHEDULED,480,8.0
2026-08-15T03:46:31Z,0415412026-08-14,04154,2026-08-14,SCHEDULED,480,8.0
2026-08-15T03:46:31Z,0411412026-08-15,04114,2026-08-15,SCHEDULED,0,0.0
2026-08-15T03:46:31Z,0411422026-08-15,04114,2026-08-15,SCHEDULED,0,0.0
2026-08-15T03:46:31Z,1390812026-08-14,13908,2026-08-14,CANCELED,,
2026-08-15T03:46:31Z,3890812026-08-14,38908,2026-08-14,CANCELED,,
2026-08-15T03:46:31Z,1564212026-08-14,15642,2026-08-14,CANCELED,,
2026-08-15T03:46:31Z,1586012026-08-14,15860,2026-08-14,CANCELED,,
2026-08-15T03:46:31Z,1571012026-08-14,15710,2026-08-14,CANCELED,,
2026-08-15T03:46:31Z,1813212026-08-14,18132,2026-08-14,CANCELED,,
2026-08-15T03:46:31Z,1578422026-08-14,15784,2026-08-14,CANCELED,,
2026-08-15T03:46:31Z,7180312026-08-14,71803,2026-08-14,CANCELED,,
2026-08-15T03:46:31Z,0818712026-08-14,08187,2026-08-14,CANCELED,,
2026-08-15T03:46:31Z,1260412026-08-14,12604,2026-08-14,CANCELED,,
2026-08-15T03:51:31Z,0446412026-08-14,04464,2026-08-14,SCHEDULED,0,0.0
2026-08-15T03:51:31Z,1454112026-08-14,14541,2026-08-14,SCHEDULED,60,1.0
2026-08-15T03:51:31Z,1500012026-08-14,15000,2026-08-14,SCHEDULED,60,1.0
2026-08-15T03:51:31Z,0415422026-08-14,04154,2026-08-14,SCHEDULED,480,8.0
2026-08-15T03:51:31Z,0415412026-08-14,04154,2026-08-14,SCHEDULED,480,8.0
2026-08-15T03:51:31Z,1812112026-08-14,18121,2026-08-14,SCHEDULED,-60,-1.0
2026-08-15T03:51:31Z,1268912026-08-14,12689,2026-08-14,SCHEDULED,60,1.0
2026-08-15T03:51:31Z,1891012026-08-14,18910,2026-08-14,SCHEDULED,-60,-1.0
2026-08-15T03:51:31Z,1812012026-08-14,18120,2026-08-14,SCHEDULED,120,2.0
2026-08-15T03:51:31Z,0411422026-08-15,04114,2026-08-15,SCHEDULED,0,0.0
2026-08-15T03:51:31Z,0411412026-08-15,04114,2026-08-15,SCHEDULED,0,0.0
2026-08-15T03:51:31Z,0306212026-08-14,03062,2026-08-14,SCHEDULED,120,2.0
2026-08-15T03:51:31Z,1390812026-08-14,13908,2026-08-14,CANCELED,,
2026-08-15T03:51:31Z,1564212026-08-14,15642,2026-08-14,CANCELED,,
2026-08-15T03:51:31Z,3890812026-08-14,38908,2026-08-14,CANCELED,,
2026-08-15T03:51:31Z,1571012026-08-14,15710,2026-08-14,CANCELED,,
2026-08-15T03:51:31Z,1586012026-08-14,15860,2026-08-14,CANCELED,,
2026-08-15T03:51:31Z,1813212026-08-14,18132,2026-08-14,CANCELED,,
2026-08-15T03:51:31Z,1578422026-08-14,15784,2026-08-14,CANCELED,,
2026-08-15T03:51:31Z,7180312026-08-14,71803,2026-08-14,CANCELED,,
2026-08-15T03:51:31Z,0818712026-08-14,08187,2026-08-14,CANCELED,,
2026-08-15T03:51:31Z,1260412026-08-14,12604,2026-08-14,CANCELED,,
2026-08-15T03:56:28Z,1454112026-08-14,14541,2026-08-14,SCHEDULED,60,1.0
2026-08-15T03:56:28Z,0446412026-08-14,04464,2026-08-14,SCHEDULED,0,0.0
2026-08-15T03:56:28Z,1500012026-08-14,15000,2026-08-14,SCHEDULED,0,0.0
2026-08-15T03:56:28Z,1806612026-08-14,18066,2026-08-14,SCHEDULED,180,3.0
2026-08-15T03:56:28Z,0415422026-08-14,04154,2026-08-14,SCHEDULED,480,8.0
2026-08-15T03:56:28Z,0415412026-08-14,04154,2026-08-14,SCHEDULED,480,8.0
2026-08-15T03:56:28Z,1812012026-08-14,18120,2026-08-14,SCHEDULED,120,2.0
2026-08-15T03:56:28Z,1268912026-08-14,12689,2026-08-14,SCHEDULED,60,1.0
2026-08-15T03:56:28Z,1812112026-08-14,18121,2026-08-14,SCHEDULED,-60,-1.0
2026-08-15T03:56:28Z,1891012026-08-14,18910,2026-08-14,SCHEDULED,-60,-1.0
2026-08-15T03:56:28Z,0411422026-08-15,04114,2026-08-15,SCHEDULED,0,0.0
2026-08-15T03:56:28Z,0411412026-08-15,04114,2026-08-15,SCHEDULED,0,0.0
2026-08-15T03:56:28Z,0306212026-08-14,03062,2026-08-14,SCHEDULED,180,3.0
2026-08-15T03:56:28Z,0306212026-08-14,03062,2026-08-14,SCHEDULED,-60,-1.0
2026-08-15T03:56:28Z,1390812026-08-14,13908,2026-08-14,CANCELED,,
2026-08-15T03:56:28Z,1564212026-08-14,15642,2026-08-14,CANCELED,,
2026-08-15T03:56:28Z,3890812026-08-14,38908,2026-08-14,CANCELED,,
2026-08-15T03:56:28Z,1586012026-08-14,15860,2026-08-14,CANCELED,,
2026-08-15T03:56:28Z,1571012026-08-14,15710,2026-08-14,CANCELED,,
2026-08-15T03:56:28Z,1813212026-08-14,18132,2026-08-14,CANCELED,,
2026-08-15T03:56:28Z,7180312026-08-14,71803,2026-08-14,CANCELED,,
2026-08-15T03:56:28Z,1578422026-08-14,15784,2026-08-14,CANCELED,,
2026-08-15T03:56:28Z,0818712026-08-14,08187,2026-08-14,CANCELED,,
2026-08-15T03:56:28Z,1260412026-08-14,12604,2026-08-14,CANCELED,,
2026-08-15T04:01:57Z,0446412026-08-14,04464,2026-08-14,SCHEDULED,60,1.0
2026-08-15T04:01:57Z,1454112026-08-14,14541,2026-08-14,SCHEDULED,60,1.0
2026-08-15T04:01:57Z,1500012026-08-14,15000,2026-08-14,SCHEDULED,0,0.0
2026-08-15T04:01:57Z,0415422026-08-14,04154,2026-08-14,SCHEDULED,540,9.0
2026-08-15T04:01:57Z,0415412026-08-14,04154,2026-08-14,SCHEDULED,540,9.0
2026-08-15T04:01:57Z,1807112026-08-14,18071,2026-08-14,SCHEDULED,60,1.0
2026-08-15T04:01:57Z,1268912026-08-14,12689,2026-08-14,SCHEDULED,60,1.0
2026-08-15T04:01:57Z,1812112026-08-14,18121,2026-08-14,SCHEDULED,0,0.0
2026-08-15T04:01:57Z,1891012026-08-14,18910,2026-08-14,SCHEDULED,60,1.0
2026-08-15T04:01:57Z,0411422026-08-15,04114,2026-08-15,SCHEDULED,-60,-1.0
2026-08-15T04:01:57Z,0411412026-08-15,04114,2026-08-15,SCHEDULED,-60,-1.0
2026-08-15T04:01:57Z,1806612026-08-14,18066,2026-08-14,SCHEDULED,240,4.0
2026-08-15T04:01:57Z,1812012026-08-14,18120,2026-08-14,SCHEDULED,180,3.0
2026-08-15T04:01:57Z,0306212026-08-14,03062,2026-08-14,SCHEDULED,120,2.0
2026-08-15T04:01:57Z,0306212026-08-14,03062,2026-08-14,SCHEDULED,-60,-1.0
2026-08-15T04:01:57Z,1390812026-08-14,13908,2026-08-14,CANCELED,,
2026-08-15T04:01:57Z,1564212026-08-14,15642,2026-08-14,CANCELED,,
2026-08-15T04:01:57Z,3890812026-08-14,38908,2026-08-14,CANCELED,,
2026-08-15T04:01:57Z,1586012026-08-14,15860,2026-08-14,CANCELED,,
2026-08-15T04:01:57Z,1571012026-08-14,15710,2026-08-14,CANCELED,,
2026-08-15T04:01:57Z,1813212026-08-14,18132,2026-08-14,CANCELED,,
2026-08-15T04:01:57Z,1578422026-08-14,15784,2026-08-14,CANCELED,,
2026-08-15T04:01:57Z,7180312026-08-14,71803,2026-08-14,CANCELED,,
2026-08-15T04:01:57Z,0818712026-08-14,08187,2026-08-14,CANCELED,,
2026-08-15T04:01:57Z,1260412026-08-14,12604,2026-08-14,CANCELED,,
2026-08-15T04:06:23Z,1500012026-08-14,15000,2026-08-14,SCHEDULED,0,0.0
2026-08-15T04:06:23Z,0415422026-08-14,04154,2026-08-14,SCHEDULED,540,9.0
2026-08-15T04:06:23Z,0415412026-08-14,04154,2026-08-14,SCHEDULED,540,9.0
2026-08-15T04:06:23Z,1505112026-08-14,15051,2026-08-14,SCHEDULED,0,0.0
2026-08-15T04:06:23Z,0587112026-08-14,05871,2026-08-14,SCHEDULED,60,1.0
2026-08-15T04:06:23Z,1807112026-08-14,18071,2026-08-14,SCHEDULED,0,0.0
2026-08-15T04:06:23Z,1268912026-08-14,12689,2026-08-14,SCHEDULED,60,1.0
2026-08-15T04:06:23Z,1806612026-08-14,18066,2026-08-14,SCHEDULED,240,4.0
2026-08-15T04:06:23Z,1454112026-08-14,14541,2026-08-14,SCHEDULED,420,7.0
2026-08-15T04:06:23Z,1812012026-08-14,18120,2026-08-14,SCHEDULED,180,3.0
2026-08-15T04:06:23Z,1812112026-08-14,18121,2026-08-14,SCHEDULED,60,1.0
2026-08-15T04:06:23Z,0411422026-08-15,04114,2026-08-15,SCHEDULED,-60,-1.0
2026-08-15T04:06:23Z,0411412026-08-15,04114,2026-08-15,SCHEDULED,-60,-1.0
2026-08-15T04:06:23Z,3586912026-08-14,35869,2026-08-14,SCHEDULED,60,1.0
2026-08-15T04:06:23Z,0306212026-08-14,03062,2026-08-14,SCHEDULED,120,2.0
2026-08-15T04:06:23Z,1891012026-08-14,18910,2026-08-14,SCHEDULED,60,1.0
2026-08-15T04:06:23Z,0306212026-08-14,03062,2026-08-14,SCHEDULED,-60,-1.0
2026-08-15T04:06:23Z,0446412026-08-14,04464,2026-08-14,SCHEDULED,-60,-1.0
2026-08-15T04:06:23Z,1390812026-08-14,13908,2026-08-14,CANCELED,,
2026-08-15T04:06:23Z,1564212026-08-14,15642,2026-08-14,CANCELED,,
2026-08-15T04:06:23Z,1571012026-08-14,15710,2026-08-14,CANCELED,,
2026-08-15T04:06:23Z,3890812026-08-14,38908,2026-08-14,CANCELED,,
2026-08-15T04:06:23Z,1821412026-08-14,18214,2026-08-14,CANCELED,,
2026-08-15T04:06:23Z,1578422026-08-14,15784,2026-08-14,CANCELED,,
2026-08-15T04:06:23Z,1821512026-08-14,18215,2026-08-14,CANCELED,,
2026-08-15T04:06:23Z,7180312026-08-14,71803,2026-08-14,CANCELED,,
2026-08-15T04:06:23Z,1586012026-08-14,15860,2026-08-14,CANCELED,,
2026-08-15T04:06:23Z,0818712026-08-14,08187,2026-08-14,CANCELED,,
2026-08-15T04:06:23Z,1813212026-08-14,18132,2026-08-14,CANCELED,,
2026-08-15T04:06:23Z,1260412026-08-14,12604,2026-08-14,CANCELED,,
2026-08-15T04:11:30Z,0446412026-08-14,04464,2026-08-14,SCHEDULED,0,0.0
2026-08-15T04:11:30Z,1500012026-08-14,15000,2026-08-14,SCHEDULED,0,0.0
2026-08-15T04:11:30Z,1505112026-08-14,15051,2026-08-14,SCHEDULED,-120,-2.0
2026-08-15T04:11:30Z,0415422026-08-14,04154,2026-08-14,SCHEDULED,540,9.0
2026-08-15T04:11:30Z,0415412026-08-14,04154,2026-08-14,SCHEDULED,540,9.0
2026-08-15T04:11:30Z,1807112026-08-14,18071,2026-08-14,SCHEDULED,-180,-3.0
2026-08-15T04:11:30Z,1806612026-08-14,18066,2026-08-14,SCHEDULED,240,4.0
2026-08-15T04:11:30Z,0587112026-08-14,05871,2026-08-14,SCHEDULED,240,4.0
2026-08-15T04:11:30Z,1812012026-08-14,18120,2026-08-14,SCHEDULED,180,3.0
2026-08-15T04:11:30Z,1268912026-08-14,12689,2026-08-14,SCHEDULED,60,1.0
2026-08-15T04:11:30Z,1812112026-08-14,18121,2026-08-14,SCHEDULED,0,0.0
2026-08-15T04:11:30Z,0411422026-08-15,04114,2026-08-15,SCHEDULED,-60,-1.0
2026-08-15T04:11:30Z,0411412026-08-15,04114,2026-08-15,SCHEDULED,-60,-1.0
2026-08-15T04:11:30Z,3586912026-08-14,35869,2026-08-14,SCHEDULED,240,4.0
2026-08-15T04:11:30Z,0206112026-08-14,02061,2026-08-14,SCHEDULED,120,2.0
2026-08-15T04:11:30Z,1891012026-08-14,18910,2026-08-14,SCHEDULED,60,1.0
2026-08-15T04:11:30Z,0306212026-08-14,03062,2026-08-14,SCHEDULED,60,1.0
2026-08-15T04:11:30Z,0306212026-08-14,03062,2026-08-14,SCHEDULED,0,0.0
2026-08-15T04:11:30Z,1390812026-08-14,13908,2026-08-14,CANCELED,,
2026-08-15T04:11:30Z,3890812026-08-14,38908,2026-08-14,CANCELED,,
2026-08-15T04:11:30Z,1571012026-08-14,15710,2026-08-14,CANCELED,,
2026-08-15T04:11:30Z,1821412026-08-14,18214,2026-08-14,CANCELED,,
2026-08-15T04:11:30Z,1578422026-08-14,15784,2026-08-14,CANCELED,,
2026-08-15T04:11:30Z,1821512026-08-14,18215,2026-08-14,CANCELED,,
2026-08-15T04:11:30Z,7180312026-08-14,71803,2026-08-14,CANCELED,,
2026-08-15T04:11:30Z,1586012026-08-14,15860,2026-08-14,CANCELED,,
2026-08-15T04:11:30Z,0818712026-08-14,08187,2026-08-14,CANCELED,,
2026-08-15T04:11:30Z,1260412026-08-14,12604,2026-08-14,CANCELED,,
2026-08-15T04:11:30Z,1813212026-08-14,18132,2026-08-14,CANCELED,,
2026-08-15T04:16:01Z,1500012026-08-14,15000,2026-08-14,SCHEDULED,180,3.0
2026-08-15T04:16:01Z,0446412026-08-14,04464,2026-08-14,SCHEDULED,-60,-1.0
2026-08-15T04:16:01Z,1505112026-08-14,15051,2026-08-14,SCHEDULED,-120,-2.0
2026-08-15T04:16:01Z,0415422026-08-14,04154,2026-08-14,SCHEDULED,540,9.0
2026-08-15T04:16:01Z,0415412026-08-14,04154,2026-08-14,SCHEDULED,540,9.0
2026-08-15T04:16:01Z,1702112026-08-14,17021,2026-08-14,SCHEDULED,60,1.0
2026-08-15T04:16:01Z,0587112026-08-14,05871,2026-08-14,SCHEDULED,240,4.0
2026-08-15T04:16:01Z,1807112026-08-14,18071,2026-08-14,SCHEDULED,-180,-3.0
2026-08-15T04:16:01Z,1268912026-08-14,12689,2026-08-14,SCHEDULED,180,3.0
2026-08-15T04:16:01Z,1812112026-08-14,18121,2026-08-14,SCHEDULED,0,0.0
2026-08-15T04:16:01Z,3586912026-08-14,35869,2026-08-14,SCHEDULED,240,4.0
2026-08-15T04:16:01Z,0411422026-08-15,04114,2026-08-15,SCHEDULED,180,3.0
2026-08-15T04:16:01Z,0411412026-08-15,04114,2026-08-15,SCHEDULED,180,3.0
2026-08-15T04:16:01Z,1891012026-08-14,18910,2026-08-14,SCHEDULED,60,1.0
2026-08-15T04:16:01Z,0206112026-08-14,02061,2026-08-14,SCHEDULED,240,4.0
2026-08-15T04:16:01Z,1806612026-08-14,18066,2026-08-14,SCHEDULED,180,3.0
2026-08-15T04:16:01Z,1812012026-08-14,18120,2026-08-14,SCHEDULED,180,3.0
2026-08-15T04:16:01Z,0306212026-08-14,03062,2026-08-14,SCHEDULED,60,1.0
2026-08-15T04:16:01Z,0306212026-08-14,03062,2026-08-14,SCHEDULED,0,0.0
2026-08-15T04:16:01Z,1390812026-08-14,13908,2026-08-14,CANCELED,,
2026-08-15T04:16:01Z,1571012026-08-14,15710,2026-08-14,CANCELED,,
2026-08-15T04:16:01Z,3890812026-08-14,38908,2026-08-14,CANCELED,,
2026-08-15T04:16:01Z,1578422026-08-14,15784,2026-08-14,CANCELED,,
2026-08-15T04:16:01Z,1813212026-08-14,18132,2026-08-14,CANCELED,,
2026-08-15T04:16:01Z,1586012026-08-14,15860,2026-08-14,CANCELED,,
2026-08-15T04:16:01Z,1821412026-08-14,18214,2026-08-14,CANCELED,,
2026-08-15T04:16:01Z,0818712026-08-14,08187,2026-08-14,CANCELED,,
2026-08-15T04:16:01Z,1821512026-08-14,18215,2026-08-14,CANCELED,,
2026-08-15T04:16:01Z,1260412026-08-14,12604,2026-08-14,CANCELED,,
2026-08-15T04:16:01Z,7180312026-08-14,71803,2026-08-14,CANCELED,,
2026-08-15T04:21:33Z,1500012026-08-14,15000,2026-08-14,SCHEDULED,180,3.0
2026-08-15T04:21:33Z,1505112026-08-14,15051,2026-08-14,SCHEDULED,0,0.0
2026-08-15T04:21:33Z,0415422026-08-14,04154,2026-08-14,SCHEDULED,480,8.0
2026-08-15T04:21:33Z,0415412026-08-14,04154,2026-08-14,SCHEDULED,480,8.0
2026-08-15T04:21:33Z,1702112026-08-14,17021,2026-08-14,SCHEDULED,180,3.0
2026-08-15T04:21:33Z,0566812026-08-14,05668,2026-08-14,SCHEDULED,60,1.0
2026-08-15T04:21:33Z,1807112026-08-14,18071,2026-08-14,SCHEDULED,0,0.0
2026-08-15T04:21:33Z,0587112026-08-14,05871,2026-08-14,SCHEDULED,240,4.0
2026-08-15T04:21:33Z,1806612026-08-14,18066,2026-08-14,SCHEDULED,180,3.0
2026-08-15T04:21:33Z,1261112026-08-14,12611,2026-08-14,SCHEDULED,0,0.0
2026-08-15T04:21:33Z,1812012026-08-14,18120,2026-08-14,SCHEDULED,180,3.0
2026-08-15T04:21:33Z,1268912026-08-14,12689,2026-08-14,SCHEDULED,180,3.0
2026-08-15T04:21:33Z,1812112026-08-14,18121,2026-08-14,SCHEDULED,-60,-1.0
2026-08-15T04:21:33Z,3586912026-08-14,35869,2026-08-14,SCHEDULED,240,4.0
2026-08-15T04:21:33Z,0411422026-08-15,04114,2026-08-15,SCHEDULED,240,4.0
2026-08-15T04:21:33Z,0411412026-08-15,04114,2026-08-15,SCHEDULED,240,4.0
2026-08-15T04:21:33Z,1891012026-08-14,18910,2026-08-14,SCHEDULED,60,1.0
2026-08-15T04:21:33Z,0206112026-08-14,02061,2026-08-14,SCHEDULED,240,4.0
2026-08-15T04:21:33Z,1503112026-08-14,15031,2026-08-14,SCHEDULED,0,0.0
2026-08-15T04:21:33Z,0306212026-08-14,03062,2026-08-14,SCHEDULED,0,0.0
2026-08-15T04:21:33Z,0306212026-08-14,03062,2026-08-14,SCHEDULED,0,0.0
2026-08-15T04:21:33Z,0446412026-08-14,04464,2026-08-14,SCHEDULED,-60,-1.0
2026-08-15T04:21:33Z,1390812026-08-14,13908,2026-08-14,CANCELED,,
2026-08-15T04:21:33Z,1571012026-08-14,15710,2026-08-14,CANCELED,,
2026-08-15T04:21:33Z,3890812026-08-14,38908,2026-08-14,CANCELED,,
2026-08-15T04:21:33Z,1578422026-08-14,15784,2026-08-14,CANCELED,,
2026-08-15T04:21:33Z,1813212026-08-14,18132,2026-08-14,CANCELED,,
2026-08-15T04:21:33Z,1586012026-08-14,15860,2026-08-14,CANCELED,,
2026-08-15T04:21:33Z,1821412026-08-14,18214,2026-08-14,CANCELED,,
2026-08-15T04:21:33Z,0818712026-08-14,08187,2026-08-14,CANCELED,,
2026-08-15T04:21:33Z,1821512026-08-14,18215,2026-08-14,CANCELED,,
2026-08-15T04:21:33Z,1260412026-08-14,12604,2026-08-14,CANCELED,,
2026-08-15T04:21:33Z,7180312026-08-14,71803,2026-08-14,CANCELED,,
2026-08-15T04:26:24Z,1770312026-08-14,17703,2026-08-14,SCHEDULED,0,0.0
2026-08-15T04:26:24Z,0446412026-08-14,04464,2026-08-14,SCHEDULED,-60,-1.0
2026-08-15T04:26:24Z,1808412026-08-14,18084,2026-08-14,SCHEDULED,0,0.0
2026-08-15T04:26:24Z,1807112026-08-14,18071,2026-08-14,SCHEDULED,0,0.0
2026-08-15T04:26:24Z,0415422026-08-14,04154,2026-08-14,SCHEDULED,480,8.0
2026-08-15T04:26:24Z,0415412026-08-14,04154,2026-08-14,SCHEDULED,480,8.0
2026-08-15T04:26:24Z,1500012026-08-14,15000,2026-08-14,SCHEDULED,180,3.0
2026-08-15T04:26:24Z,0566812026-08-14,05668,2026-08-14,SCHEDULED,60,1.0
2026-08-15T04:26:24Z,1505112026-08-14,15051,2026-08-14,SCHEDULED,0,0.0
2026-08-15T04:26:24Z,0587112026-08-14,05871,2026-08-14,SCHEDULED,240,4.0
2026-08-15T04:26:24Z,1702112026-08-14,17021,2026-08-14,SCHEDULED,180,3.0
2026-08-15T04:26:24Z,1261112026-08-14,12611,2026-08-14,SCHEDULED,0,0.0
2026-08-15T04:26:24Z,3586912026-08-14,35869,2026-08-14,SCHEDULED,240,4.0
2026-08-15T04:26:24Z,1268912026-08-14,12689,2026-08-14,SCHEDULED,60,1.0
2026-08-15T04:26:24Z,1891012026-08-14,18910,2026-08-14,SCHEDULED,60,1.0
2026-08-15T04:26:24Z,1503112026-08-14,15031,2026-08-14,SCHEDULED,-60,-1.0
2026-08-15T04:26:24Z,0411422026-08-15,04114,2026-08-15,SCHEDULED,240,4.0
2026-08-15T04:26:24Z,0411412026-08-15,04114,2026-08-15,SCHEDULED,240,4.0
2026-08-15T04:26:24Z,1806612026-08-14,18066,2026-08-14,SCHEDULED,60,1.0
2026-08-15T04:26:24Z,0206112026-08-14,02061,2026-08-14,SCHEDULED,180,3.0
2026-08-15T04:26:24Z,1812012026-08-14,18120,2026-08-14,SCHEDULED,180,3.0
2026-08-15T04:26:24Z,0306212026-08-14,03062,2026-08-14,SCHEDULED,0,0.0
2026-08-15T04:26:24Z,1812112026-08-14,18121,2026-08-14,SCHEDULED,-60,-1.0
2026-08-15T04:26:24Z,0306212026-08-14,03062,2026-08-14,SCHEDULED,-60,-1.0
2026-08-15T04:26:24Z,0408832026-08-15,04088,2026-08-15,SCHEDULED,0,0.0
2026-08-15T04:26:24Z,0408812026-08-15,04088,2026-08-15,SCHEDULED,0,0.0
2026-08-15T04:26:24Z,1390812026-08-14,13908,2026-08-14,CANCELED,,
2026-08-15T04:26:24Z,1571012026-08-14,15710,2026-08-14,CANCELED,,
2026-08-15T04:26:24Z,3890812026-08-14,38908,2026-08-14,CANCELED,,
2026-08-15T04:26:24Z,1578422026-08-14,15784,2026-08-14,CANCELED,,
2026-08-15T04:26:24Z,1813212026-08-14,18132,2026-08-14,CANCELED,,
2026-08-15T04:26:24Z,1586012026-08-14,15860,2026-08-14,CANCELED,,
2026-08-15T04:26:24Z,1821412026-08-14,18214,2026-08-14,CANCELED,,
2026-08-15T04:26:24Z,0818712026-08-14,08187,2026-08-14,CANCELED,,
2026-08-15T04:26:24Z,1821512026-08-14,18215,2026-08-14,CANCELED,,
2026-08-15T04:26:24Z,1260412026-08-14,12604,2026-08-14,CANCELED,,
2026-08-15T04:26:24Z,7180312026-08-14,71803,2026-08-14,CANCELED,,
2026-08-15T04:31:41Z,1395112026-08-14,13951,2026-08-14,SCHEDULED,120,2.0
2026-08-15T04:31:41Z,0566812026-08-14,05668,2026-08-14,SCHEDULED,60,1.0
2026-08-15T04:31:41Z,1500012026-08-14,15000,2026-08-14,SCHEDULED,240,4.0
2026-08-15T04:31:41Z,0576312026-08-14,05763,2026-08-14,SCHEDULED,60,1.0
2026-08-15T04:31:41Z,1505112026-08-14,15051,2026-08-14,SCHEDULED,-120,-2.0
2026-08-15T04:31:41Z,0587112026-08-14,05871,2026-08-14,SCHEDULED,360,6.0
2026-08-15T04:31:41Z,1702112026-08-14,17021,2026-08-14,SCHEDULED,180,3.0
2026-08-15T04:31:41Z,0847512026-08-14,08475,2026-08-14,SCHEDULED,60,1.0
2026-08-15T04:31:41Z,1770312026-08-14,17703,2026-08-14,SCHEDULED,0,0.0
2026-08-15T04:31:41Z,1261112026-08-14,12611,2026-08-14,SCHEDULED,0,0.0
2026-08-15T04:31:41Z,1808412026-08-14,18084,2026-08-14,SCHEDULED,0,0.0
2026-08-15T04:31:41Z,1268912026-08-14,12689,2026-08-14,SCHEDULED,60,1.0
2026-08-15T04:31:41Z,1805412026-08-14,18054,2026-08-14,SCHEDULED,0,0.0
2026-08-15T04:31:41Z,1304112026-08-14,13041,2026-08-14,SCHEDULED,0,0.0
2026-08-15T04:31:41Z,1807112026-08-14,18071,2026-08-14,SCHEDULED,60,1.0
2026-08-15T04:31:41Z,1806612026-08-14,18066,2026-08-14,SCHEDULED,60,1.0
2026-08-15T04:31:41Z,1812012026-08-14,18120,2026-08-14,SCHEDULED,180,3.0
2026-08-15T04:31:41Z,0411422026-08-15,04114,2026-08-15,SCHEDULED,60,1.0
2026-08-15T04:31:41Z,0411412026-08-15,04114,2026-08-15,SCHEDULED,60,1.0
2026-08-15T04:31:41Z,1812112026-08-14,18121,2026-08-14,SCHEDULED,60,1.0
2026-08-15T04:31:41Z,0206112026-08-14,02061,2026-08-14,SCHEDULED,180,3.0
2026-08-15T04:31:41Z,3586912026-08-14,35869,2026-08-14,SCHEDULED,120,2.0
2026-08-15T04:31:41Z,0306212026-08-14,03062,2026-08-14,SCHEDULED,0,0.0
2026-08-15T04:31:41Z,1891012026-08-14,18910,2026-08-14,SCHEDULED,60,1.0
2026-08-15T04:31:41Z,0306212026-08-14,03062,2026-08-14,SCHEDULED,60,1.0
2026-08-15T04:31:41Z,1503112026-08-14,15031,2026-08-14,SCHEDULED,-60,-1.0
2026-08-15T04:31:41Z,0408832026-08-15,04088,2026-08-15,SCHEDULED,0,0.0
2026-08-15T04:31:41Z,0408812026-08-15,04088,2026-08-15,SCHEDULED,0,0.0
2026-08-15T04:31:41Z,0446412026-08-14,04464,2026-08-14,SCHEDULED,-180,-3.0
2026-08-15T04:31:41Z,0415422026-08-14,04154,2026-08-14,SCHEDULED,360,6.0
2026-08-15T04:31:41Z,0415412026-08-14,04154,2026-08-14,SCHEDULED,360,6.0
2026-08-15T04:31:41Z,1390812026-08-14,13908,2026-08-14,CANCELED,,
2026-08-15T04:31:41Z,1571012026-08-14,15710,2026-08-14,CANCELED,,
2026-08-15T04:31:41Z,3890812026-08-14,38908,2026-08-14,CANCELED,,
2026-08-15T04:31:41Z,1578422026-08-14,15784,2026-08-14,CANCELED,,
2026-08-15T04:31:41Z,1813212026-08-14,18132,2026-08-14,CANCELED,,
2026-08-15T04:31:41Z,1586012026-08-14,15860,2026-08-14,CANCELED,,
2026-08-15T04:31:41Z,1821412026-08-14,18214,2026-08-14,CANCELED,,
2026-08-15T04:31:41Z,0818712026-08-14,08187,2026-08-14,CANCELED,,
2026-08-15T04:31:41Z,1821512026-08-14,18215,2026-08-14,CANCELED,,
2026-08-15T04:31:41Z,1260412026-08-14,12604,2026-08-14,CANCELED,,
2026-08-15T04:31:41Z,7180312026-08-14,71803,2026-08-14,CANCELED,,
2026-08-15T04:36:27Z,1500012026-08-14,15000,2026-08-14,SCHEDULED,240,4.0
2026-08-15T04:36:27Z,0429522026-08-14,04295,2026-08-14,SCHEDULED,60,1.0
2026-08-15T04:36:27Z,0429512026-08-14,04295,2026-08-14,SCHEDULED,60,1.0
2026-08-15T04:36:27Z,1505112026-08-14,15051,2026-08-14,SCHEDULED,0,0.0
2026-08-15T04:36:27Z,0446412026-08-14,04464,2026-08-14,SCHEDULED,-180,-3.0
2026-08-15T04:36:27Z,1702112026-08-14,17021,2026-08-14,SCHEDULED,180,3.0
2026-08-15T04:36:27Z,1770312026-08-14,17703,2026-08-14,SCHEDULED,0,0.0
2026-08-15T04:36:27Z,0415422026-08-14,04154,2026-08-14,SCHEDULED,660,11.0
2026-08-15T04:36:27Z,0415412026-08-14,04154,2026-08-14,SCHEDULED,660,11.0
2026-08-15T04:36:27Z,1261112026-08-14,12611,2026-08-14,SCHEDULED,0,0.0
2026-08-15T04:36:27Z,1268912026-08-14,12689,2026-08-14,SCHEDULED,0,0.0
2026-08-15T04:36:27Z,0506422026-08-14,05064,2026-08-14,SCHEDULED,240,4.0
2026-08-15T04:36:27Z,0506412026-08-14,05064,2026-08-14,SCHEDULED,240,4.0
2026-08-15T04:36:27Z,1304112026-08-14,13041,2026-08-14,SCHEDULED,0,0.0
2026-08-15T04:36:27Z,0566812026-08-14,05668,2026-08-14,SCHEDULED,60,1.0
2026-08-15T04:36:27Z,1395112026-08-14,13951,2026-08-14,SCHEDULED,120,2.0
2026-08-15T04:36:27Z,1812112026-08-14,18121,2026-08-14,SCHEDULED,180,3.0
2026-08-15T04:36:27Z,0576312026-08-14,05763,2026-08-14,SCHEDULED,0,0.0
2026-08-15T04:36:27Z,3586912026-08-14,35869,2026-08-14,SCHEDULED,240,4.0
2026-08-15T04:36:27Z,0587112026-08-14,05871,2026-08-14,SCHEDULED,360,6.0
2026-08-15T04:36:27Z,1891012026-08-14,18910,2026-08-14,SCHEDULED,60,1.0
2026-08-15T04:36:27Z,0847512026-08-14,08475,2026-08-14,SCHEDULED,0,0.0
2026-08-15T04:36:27Z,1503112026-08-14,15031,2026-08-14,SCHEDULED,0,0.0
2026-08-15T04:36:27Z,1805412026-08-14,18054,2026-08-14,SCHEDULED,0,0.0
2026-08-15T04:36:27Z,0411422026-08-15,04114,2026-08-15,SCHEDULED,-120,-2.0
2026-08-15T04:36:27Z,0411412026-08-15,04114,2026-08-15,SCHEDULED,-120,-2.0
2026-08-15T04:36:27Z,1807112026-08-14,18071,2026-08-14,SCHEDULED,300,5.0
2026-08-15T04:36:27Z,0107212026-08-14,01072,2026-08-14,SCHEDULED,120,2.0
2026-08-15T04:36:27Z,1806612026-08-14,18066,2026-08-14,SCHEDULED,240,4.0
2026-08-15T04:36:27Z,1812012026-08-14,18120,2026-08-14,SCHEDULED,120,2.0
2026-08-15T04:36:27Z,0206112026-08-14,02061,2026-08-14,SCHEDULED,180,3.0
2026-08-15T04:36:27Z,0306212026-08-14,03062,2026-08-14,SCHEDULED,0,0.0
2026-08-15T04:36:27Z,0306212026-08-14,03062,2026-08-14,SCHEDULED,60,1.0
2026-08-15T04:36:27Z,0331112026-08-14,03311,2026-08-14,SCHEDULED,240,4.0
2026-08-15T04:36:27Z,0408832026-08-15,04088,2026-08-15,SCHEDULED,0,0.0
2026-08-15T04:36:27Z,0408812026-08-15,04088,2026-08-15,SCHEDULED,0,0.0
2026-08-15T04:36:27Z,1390812026-08-14,13908,2026-08-14,CANCELED,,
2026-08-15T04:36:27Z,1571012026-08-14,15710,2026-08-14,CANCELED,,
2026-08-15T04:36:27Z,3890812026-08-14,38908,2026-08-14,CANCELED,,
2026-08-15T04:36:27Z,1578422026-08-14,15784,2026-08-14,CANCELED,,
2026-08-15T04:36:27Z,1813212026-08-14,18132,2026-08-14,CANCELED,,
2026-08-15T04:36:27Z,1586012026-08-14,15860,2026-08-14,CANCELED,,
2026-08-15T04:36:27Z,1821412026-08-14,18214,2026-08-14,CANCELED,,
2026-08-15T04:36:27Z,0818712026-08-14,08187,2026-08-14,CANCELED,,
2026-08-15T04:36:27Z,1260412026-08-14,12604,2026-08-14,CANCELED,,
2026-08-15T04:36:27Z,1821512026-08-14,18215,2026-08-14,CANCELED,,
2026-08-15T04:36:27Z,7180312026-08-14,71803,2026-08-14,CANCELED,,
2026-08-15T04:41:31Z,1395112026-08-14,13951,2026-08-14,SCHEDULED,120,2.0
2026-08-15T04:41:31Z,1500012026-08-14,15000,2026-08-14,SCHEDULED,420,7.0
2026-08-15T04:41:31Z,0408832026-08-15,04088,2026-08-15,SCHEDULED,0,0.0
2026-08-15T04:41:31Z,0408812026-08-15,04088,2026-08-15,SCHEDULED,0,0.0
2026-08-15T04:41:31Z,1702112026-08-14,17021,2026-08-14,SCHEDULED,180,3.0
2026-08-15T04:41:31Z,0429522026-08-14,04295,2026-08-14,SCHEDULED,0,0.0
2026-08-15T04:41:31Z,0429512026-08-14,04295,2026-08-14,SCHEDULED,0,0.0
2026-08-15T04:41:31Z,1770312026-08-14,17703,2026-08-14,SCHEDULED,0,0.0
2026-08-15T04:41:31Z,0446412026-08-14,04464,2026-08-14,SCHEDULED,-180,-3.0
2026-08-15T04:41:31Z,0847512026-08-14,08475,2026-08-14,SCHEDULED,0,0.0
2026-08-15T04:41:31Z,1261112026-08-14,12611,2026-08-14,SCHEDULED,60,1.0
2026-08-15T04:41:31Z,0415422026-08-14,04154,2026-08-14,SCHEDULED,660,11.0
2026-08-15T04:41:31Z,0415412026-08-14,04154,2026-08-14,SCHEDULED,660,11.0
2026-08-15T04:41:31Z,1268912026-08-14,12689,2026-08-14,SCHEDULED,0,0.0
2026-08-15T04:41:31Z,1304112026-08-14,13041,2026-08-14,SCHEDULED,0,0.0
2026-08-15T04:41:31Z,0506422026-08-14,05064,2026-08-14,SCHEDULED,240,4.0
2026-08-15T04:41:31Z,0506412026-08-14,05064,2026-08-14,SCHEDULED,240,4.0
2026-08-15T04:41:31Z,1812112026-08-14,18121,2026-08-14,SCHEDULED,300,5.0
2026-08-15T04:41:31Z,0566812026-08-14,05668,2026-08-14,SCHEDULED,120,2.0
2026-08-15T04:41:31Z,3586912026-08-14,35869,2026-08-14,SCHEDULED,120,2.0
2026-08-15T04:41:31Z,1891012026-08-14,18910,2026-08-14,SCHEDULED,60,1.0
2026-08-15T04:41:31Z,0576312026-08-14,05763,2026-08-14,SCHEDULED,0,0.0
2026-08-15T04:41:31Z,1503112026-08-14,15031,2026-08-14,SCHEDULED,-60,-1.0
2026-08-15T04:41:31Z,0587112026-08-14,05871,2026-08-14,SCHEDULED,540,9.0
2026-08-15T04:41:31Z,1805412026-08-14,18054,2026-08-14,SCHEDULED,0,0.0
2026-08-15T04:41:31Z,0411422026-08-15,04114,2026-08-15,SCHEDULED,-120,-2.0
2026-08-15T04:41:31Z,0411412026-08-15,04114,2026-08-15,SCHEDULED,-120,-2.0
2026-08-15T04:41:31Z,1807112026-08-14,18071,2026-08-14,SCHEDULED,240,4.0
2026-08-15T04:41:31Z,0107212026-08-14,01072,2026-08-14,SCHEDULED,180,3.0
2026-08-15T04:41:31Z,1806612026-08-14,18066,2026-08-14,SCHEDULED,240,4.0
2026-08-15T04:41:31Z,0206112026-08-14,02061,2026-08-14,SCHEDULED,540,9.0
2026-08-15T04:41:31Z,1812012026-08-14,18120,2026-08-14,SCHEDULED,120,2.0
2026-08-15T04:41:31Z,0207512026-08-15,02075,2026-08-15,SCHEDULED,0,0.0
2026-08-15T04:41:31Z,0306212026-08-14,03062,2026-08-14,SCHEDULED,-60,-1.0
2026-08-15T04:41:31Z,0306212026-08-14,03062,2026-08-14,SCHEDULED,180,3.0
2026-08-15T04:41:31Z,0331112026-08-14,03311,2026-08-14,SCHEDULED,0,0.0
2026-08-15T04:41:31Z,1390812026-08-14,13908,2026-08-14,CANCELED,,
2026-08-15T04:41:31Z,1571012026-08-14,15710,2026-08-14,CANCELED,,
2026-08-15T04:41:31Z,3890812026-08-14,38908,2026-08-14,CANCELED,,
2026-08-15T04:41:31Z,1578422026-08-14,15784,2026-08-14,CANCELED,,
2026-08-15T04:41:31Z,1813212026-08-14,18132,2026-08-14,CANCELED,,
2026-08-15T04:41:31Z,1586012026-08-14,15860,2026-08-14,CANCELED,,
2026-08-15T04:41:31Z,1821412026-08-14,18214,2026-08-14,CANCELED,,
2026-08-15T04:41:31Z,0818712026-08-14,08187,2026-08-14,CANCELED,,
2026-08-15T04:41:31Z,1821512026-08-14,18215,2026-08-14,CANCELED,,
2026-08-15T04:41:31Z,1260412026-08-14,12604,2026-08-14,CANCELED,,
2026-08-15T04:41:31Z,7180312026-08-14,71803,2026-08-14,CANCELED,,
2026-08-15T04:46:32Z,0847512026-08-14,08475,2026-08-14,SCHEDULED,60,1.0
2026-08-15T04:46:32Z,1261112026-08-14,12611,2026-08-14,SCHEDULED,60,1.0
2026-08-15T04:46:32Z,0408832026-08-15,04088,2026-08-15,SCHEDULED,-60,-1.0
2026-08-15T04:46:32Z,0408812026-08-15,04088,2026-08-15,SCHEDULED,-60,-1.0
2026-08-15T04:46:32Z,1268912026-08-14,12689,2026-08-14,SCHEDULED,0,0.0
2026-08-15T04:46:32Z,1304112026-08-14,13041,2026-08-14,SCHEDULED,0,0.0
2026-08-15T04:46:32Z,0429522026-08-14,04295,2026-08-14,SCHEDULED,0,0.0
2026-08-15T04:46:32Z,0429512026-08-14,04295,2026-08-14,SCHEDULED,0,0.0
2026-08-15T04:46:32Z,1395112026-08-14,13951,2026-08-14,SCHEDULED,120,2.0
2026-08-15T04:46:32Z,0446412026-08-14,04464,2026-08-14,SCHEDULED,-180,-3.0
2026-08-15T04:46:32Z,1500012026-08-14,15000,2026-08-14,SCHEDULED,420,7.0
2026-08-15T04:46:32Z,1585012026-08-14,15850,2026-08-14,SCHEDULED,-60,-1.0
2026-08-15T04:46:32Z,0415422026-08-14,04154,2026-08-14,SCHEDULED,660,11.0
2026-08-15T04:46:32Z,0415412026-08-14,04154,2026-08-14,SCHEDULED,660,11.0
2026-08-15T04:46:32Z,1702112026-08-14,17021,2026-08-14,SCHEDULED,120,2.0
2026-08-15T04:46:32Z,1812012026-08-14,18120,2026-08-14,SCHEDULED,120,2.0
2026-08-15T04:46:32Z,0506422026-08-14,05064,2026-08-14,SCHEDULED,240,4.0
2026-08-15T04:46:32Z,0506412026-08-14,05064,2026-08-14,SCHEDULED,240,4.0
2026-08-15T04:46:32Z,1812112026-08-14,18121,2026-08-14,SCHEDULED,300,5.0
2026-08-15T04:46:32Z,3586912026-08-14,35869,2026-08-14,SCHEDULED,180,3.0
2026-08-15T04:46:32Z,1891012026-08-14,18910,2026-08-14,SCHEDULED,120,2.0
2026-08-15T04:46:32Z,0508012026-08-14,05080,2026-08-14,SCHEDULED,60,1.0
2026-08-15T04:46:32Z,0508032026-08-14,05080,2026-08-14,SCHEDULED,60,1.0
2026-08-15T04:46:32Z,0508022026-08-14,05080,2026-08-14,SCHEDULED,60,1.0
2026-08-15T04:46:32Z,1503112026-08-14,15031,2026-08-14,SCHEDULED,-180,-3.0
2026-08-15T04:46:32Z,1770312026-08-14,17703,2026-08-14,SCHEDULED,0,0.0
2026-08-15T04:46:32Z,0566812026-08-14,05668,2026-08-14,SCHEDULED,120,2.0
2026-08-15T04:46:32Z,1805412026-08-14,18054,2026-08-14,SCHEDULED,0,0.0
2026-08-15T04:46:32Z,0576312026-08-14,05763,2026-08-14,SCHEDULED,60,1.0
2026-08-15T04:46:32Z,1807112026-08-14,18071,2026-08-14,SCHEDULED,0,0.0
2026-08-15T04:46:32Z,0587112026-08-14,05871,2026-08-14,SCHEDULED,480,8.0
2026-08-15T04:46:32Z,1806612026-08-14,18066,2026-08-14,SCHEDULED,240,4.0
2026-08-15T04:46:32Z,0411422026-08-15,04114,2026-08-15,SCHEDULED,-120,-2.0
2026-08-15T04:46:32Z,0411412026-08-15,04114,2026-08-15,SCHEDULED,-120,-2.0
2026-08-15T04:46:32Z,3460912026-08-14,34609,2026-08-14,SCHEDULED,0,0.0
2026-08-15T04:46:32Z,0107212026-08-14,01072,2026-08-14,SCHEDULED,180,3.0
2026-08-15T04:46:32Z,0206112026-08-14,02061,2026-08-14,SCHEDULED,360,6.0
2026-08-15T04:46:32Z,0207512026-08-15,02075,2026-08-15,SCHEDULED,0,0.0
2026-08-15T04:46:32Z,0306212026-08-14,03062,2026-08-14,SCHEDULED,-60,-1.0
2026-08-15T04:46:32Z,0306212026-08-14,03062,2026-08-14,SCHEDULED,180,3.0
2026-08-15T04:46:32Z,0331112026-08-14,03311,2026-08-14,SCHEDULED,60,1.0
2026-08-15T04:46:32Z,1390812026-08-14,13908,2026-08-14,CANCELED,,
2026-08-15T04:46:32Z,1571012026-08-14,15710,2026-08-14,CANCELED,,
2026-08-15T04:46:32Z,3890812026-08-14,38908,2026-08-14,CANCELED,,
2026-08-15T04:46:32Z,1578422026-08-14,15784,2026-08-14,CANCELED,,
2026-08-15T04:46:32Z,1813212026-08-14,18132,2026-08-14,CANCELED,,
2026-08-15T04:46:32Z,1586012026-08-14,15860,2026-08-14,CANCELED,,
2026-08-15T04:46:32Z,1821412026-08-14,18214,2026-08-14,CANCELED,,
2026-08-15T04:46:32Z,1821512026-08-14,18215,2026-08-14,CANCELED,,
2026-08-15T04:46:32Z,0818712026-08-14,08187,2026-08-14,CANCELED,,
2026-08-15T04:46:32Z,7180312026-08-14,71803,2026-08-14,CANCELED,,
2026-08-15T04:46:32Z,1260412026-08-14,12604,2026-08-14,CANCELED,,
2026-08-15T04:47:50Z,0847512026-08-14,08475,2026-08-14,SCHEDULED,60,1.0
2026-08-15T04:47:50Z,1261112026-08-14,12611,2026-08-14,SCHEDULED,180,3.0
2026-08-15T04:47:50Z,0408832026-08-15,04088,2026-08-15,SCHEDULED,-60,-1.0
2026-08-15T04:47:50Z,0408812026-08-15,04088,2026-08-15,SCHEDULED,-60,-1.0
2026-08-15T04:47:50Z,1268912026-08-14,12689,2026-08-14,SCHEDULED,0,0.0
2026-08-15T04:47:50Z,1304112026-08-14,13041,2026-08-14,SCHEDULED,0,0.0
2026-08-15T04:47:50Z,0429522026-08-14,04295,2026-08-14,SCHEDULED,0,0.0
2026-08-15T04:47:50Z,0429512026-08-14,04295,2026-08-14,SCHEDULED,0,0.0
2026-08-15T04:47:50Z,1395112026-08-14,13951,2026-08-14,SCHEDULED,120,2.0
2026-08-15T04:47:50Z,0446412026-08-14,04464,2026-08-14,SCHEDULED,-180,-3.0
2026-08-15T04:47:50Z,1500012026-08-14,15000,2026-08-14,SCHEDULED,420,7.0
2026-08-15T04:47:50Z,1585012026-08-14,15850,2026-08-14,SCHEDULED,-60,-1.0
2026-08-15T04:47:50Z,0415422026-08-14,04154,2026-08-14,SCHEDULED,480,8.0
2026-08-15T04:47:50Z,0415412026-08-14,04154,2026-08-14,SCHEDULED,480,8.0
2026-08-15T04:47:50Z,1702112026-08-14,17021,2026-08-14,SCHEDULED,120,2.0
2026-08-15T04:47:50Z,1812012026-08-14,18120,2026-08-14,SCHEDULED,120,2.0
2026-08-15T04:47:50Z,0506422026-08-14,05064,2026-08-14,SCHEDULED,240,4.0
2026-08-15T04:47:50Z,0506412026-08-14,05064,2026-08-14,SCHEDULED,240,4.0
2026-08-15T04:47:50Z,1812112026-08-14,18121,2026-08-14,SCHEDULED,240,4.0
2026-08-15T04:47:50Z,3586912026-08-14,35869,2026-08-14,SCHEDULED,180,3.0
2026-08-15T04:47:50Z,1891012026-08-14,18910,2026-08-14,SCHEDULED,120,2.0
2026-08-15T04:47:50Z,0508012026-08-14,05080,2026-08-14,SCHEDULED,60,1.0
2026-08-15T04:47:50Z,0508032026-08-14,05080,2026-08-14,SCHEDULED,60,1.0
2026-08-15T04:47:50Z,0508022026-08-14,05080,2026-08-14,SCHEDULED,60,1.0
2026-08-15T04:47:50Z,1503112026-08-14,15031,2026-08-14,SCHEDULED,-180,-3.0
2026-08-15T04:47:50Z,0566812026-08-14,05668,2026-08-14,SCHEDULED,120,2.0
2026-08-15T04:47:50Z,1770312026-08-14,17703,2026-08-14,SCHEDULED,0,0.0
2026-08-15T04:47:50Z,0576312026-08-14,05763,2026-08-14,SCHEDULED,0,0.0
2026-08-15T04:47:50Z,1805412026-08-14,18054,2026-08-14,SCHEDULED,0,0.0
2026-08-15T04:47:50Z,0587112026-08-14,05871,2026-08-14,SCHEDULED,300,5.0
2026-08-15T04:47:50Z,1807112026-08-14,18071,2026-08-14,SCHEDULED,0,0.0
2026-08-15T04:47:50Z,1806612026-08-14,18066,2026-08-14,SCHEDULED,240,4.0
2026-08-15T04:47:50Z,0411422026-08-15,04114,2026-08-15,SCHEDULED,-120,-2.0
2026-08-15T04:47:50Z,0411412026-08-15,04114,2026-08-15,SCHEDULED,-120,-2.0
2026-08-15T04:47:50Z,3460912026-08-14,34609,2026-08-14,SCHEDULED,60,1.0
2026-08-15T04:47:50Z,0107212026-08-14,01072,2026-08-14,SCHEDULED,180,3.0
2026-08-15T04:47:50Z,0206112026-08-14,02061,2026-08-14,SCHEDULED,360,6.0
2026-08-15T04:47:50Z,0207512026-08-15,02075,2026-08-15,SCHEDULED,0,0.0
2026-08-15T04:47:50Z,0306212026-08-14,03062,2026-08-14,SCHEDULED,-60,-1.0
2026-08-15T04:47:50Z,0306212026-08-14,03062,2026-08-14,SCHEDULED,120,2.0
2026-08-15T04:47:50Z,0331112026-08-14,03311,2026-08-14,SCHEDULED,60,1.0
2026-08-15T04:47:50Z,1390812026-08-14,13908,2026-08-14,CANCELED,,
2026-08-15T04:47:50Z,1571012026-08-14,15710,2026-08-14,CANCELED,,
2026-08-15T04:47:50Z,3890812026-08-14,38908,2026-08-14,CANCELED,,
2026-08-15T04:47:50Z,1578422026-08-14,15784,2026-08-14,CANCELED,,
2026-08-15T04:47:50Z,1813212026-08-14,18132,2026-08-14,CANCELED,,
2026-08-15T04:47:50Z,1586012026-08-14,15860,2026-08-14,CANCELED,,
2026-08-15T04:47:50Z,1821412026-08-14,18214,2026-08-14,CANCELED,,
2026-08-15T04:47:50Z,1821512026-08-14,18215,2026-08-14,CANCELED,,
2026-08-15T04:47:50Z,0818712026-08-14,08187,2026-08-14,CANCELED,,
2026-08-15T04:47:50Z,7180312026-08-14,71803,2026-08-14,CANCELED,,
2026-08-15T04:47:50Z,1260412026-08-14,12604,2026-08-14,CANCELED,,
